Order_ID,Order_Date,Customer_ID,Product,Category,Region,Quantity,Unit_Price,Discount,Revenue
O10000,2025-06-12 00:00:00,C1051,Monitor,Electronics,West,5,18000.0,0.2,72000.0
O10001,2025-03-20 00:00:00,C1101,Keyboard,Accessories,West,4,2500.0,0.0,10000.0
O10002,2025-01-05 00:00:00,C1181,Tablet,Electronics,North,3,22000.0,0.05,62700.0
O10003,2025-11-12 00:00:00,C1187,Keyboard,Accessories,West,1,2500.0,0.15,2125.0
O10004,2025-04-30 00:00:00,C1056,Keyboard,Accessories,North,3,2500.0,0.05,7125.0
O10005,2025-10-29 00:00:00,C1046,Phone,Electronics,East,3,30000.0,0.05,85500.0
O10006,2025-06-27 00:00:00,C1158,Tablet,Electronics,East,5,22000.0,0.0,110000.0
O10007,2025-06-25 00:00:00,C1173,Tablet,Electronics,West,4,22000.0,0.0,88000.0
O10008,2025-08-05 00:00:00,C1025,Tablet,Electronics,West,2,22000.0,0.0,44000.0
O10009,2025-02-25 00:00:00,C1113,Keyboard,Accessories,South,4,2500.0,0.0,10000.0
O10010,2025-07-06 00:00:00,C1004,Monitor,Electronics,West,4,18000.0,0.2,57600.0
O10011,2025-08-20 00:00:00,C1083,Tablet,Electronics,South,3,22000.0,0.0,66000.0
O10012,2025-09-12 00:00:00,C1051,Mouse,Accessories,East,4,1200.0,0.2,3840.0
O10013,2025-04-14 00:00:00,C1104,Keyboard,Accessories,East,1,2500.0,0.2,2000.0
O10014,2025-03-18 00:00:00,C1053,Phone,Electronics,North,3,30000.0,0.0,90000.0
O10015,2025-08-18 00:00:00,C1160,Monitor,Electronics,East,1,18000.0,0.1,16200.0
O10016,2025-09-15 00:00:00,C1177,Mouse,Accessories,South,2,1200.0,0.15,2040.0
O10017,2025-09-21 00:00:00,C1165,Mouse,Accessories,West,3,1200.0,0.05,3420.0
O10018,2025-11-27 00:00:00,C1154,Phone,Electronics,North,2,30000.0,0.2,48000.0
O10019,2025-07-01 00:00:00,C1014,Monitor,Electronics,South,3,18000.0,0.15,45900.0
O10020,2025-09-13 00:00:00,C1060,Keyboard,Accessories,West,5,2500.0,0.1,11250.0
O10021,2025-02-07 00:00:00,C1121,Laptop,Electronics,North,4,65000.0,0.05,247000.0
O10022,2025-06-25 00:00:00,C1020,Monitor,Electronics,East,5,18000.0,0.05,85500.0
O10023,2025-01-27 00:00:00,C1045,Phone,Electronics,South,2,30000.0,0.2,48000.0
O10024,2025-10-03 00:00:00,C1196,Mouse,Accessories,West,4,1200.0,0.0,4800.0
O10025,2025-05-20 00:00:00,,Keyboard,Accessories,North,3,2500.0,0.1,6750.0
O10026,2025-10-26 00:00:00,C1037,Monitor,Electronics,North,4,18000.0,0.2,57600.0
O10027,2025-10-14 00:00:00,C1061,Laptop,Electronics,East,1,65000.0,0.1,58500.0
O10028,2025-04-01 00:00:00,C1085,Laptop,Electronics,West,4,65000.0,0.0,260000.0
O10029,2025-03-02 00:00:00,C1189,Tablet,Electronics,East,1,22000.0,0.0,22000.0
O10030,2025-12-31 00:00:00,C1077,Tablet,Electronics,East,4,22000.0,0.2,70400.0
O10031,2025-12-13 00:00:00,C1045,Phone,Electronics,West,1,30000.0,0.0,30000.0
O10032,2025-06-12 00:00:00,C1140,Monitor,Electronics,West,2,18000.0,0.15,30600.0
O10033,2025-12-17 00:00:00,C1002,Monitor,Electronics,West,5,18000.0,0.05,85500.0
O10034,2025-05-23 00:00:00,C1005,Mouse,Accessories,South,3,1200.0,0.2,2880.0
O10035,2025-09-10 00:00:00,C1092,Mouse,Accessories,West,4,1200.0,0.1,4320.0
O10036,2025-09-26 00:00:00,C1007,Mouse,Accessories,North,5,1200.0,0.15,5100.0
O10037,2025-10-18 00:00:00,C1171,Tablet,Electronics,East,3,22000.0,0.2,52800.0
O10038,2025-07-06 00:00:00,C1107,Monitor,Electronics,South,3,18000.0,0.0,54000.0
O10039,2025-10-31 00:00:00,C1160,Monitor,Electronics,West,1,18000.0,0.0,18000.0
O10040,2025-10-18 00:00:00,C1074,Laptop,Electronics,South,2,65000.0,0.0,130000.0
O10041,2025-03-27 00:00:00,C1076,Tablet,Electronics,West,2,22000.0,0.0,44000.0
O10042,2025-06-15 00:00:00,C1049,Keyboard,Accessories,South,5,,0.1,11250.0
O10043,2025-04-24 00:00:00,C1010,Tablet,Electronics,East,2,22000.0,0.15,37400.0
O10044,2025-12-22 00:00:00,C1094,Keyboard,Accessories,East,4,2500.0,0.05,9500.0
O10045,2025-07-02 00:00:00,C1155,Laptop,Electronics,North,2,65000.0,0.1,117000.0
O10046,2025-07-26 00:00:00,C1069,Phone,Electronics,North,5,30000.0,0.1,135000.0
O10047,2025-09-13 00:00:00,C1168,Monitor,Electronics,West,2,18000.0,0.05,34200.0
O10048,2025-08-23 00:00:00,C1015,Laptop,Electronics,East,4,65000.0,0.05,247000.0
O10049,2025-12-21 00:00:00,C1067,Monitor,Electronics,South,1,18000.0,0.0,18000.0
O10050,2025-01-03 00:00:00,C1098,Mouse,Accessories,South,5,1200.0,0.1,5400.0
O10051,2025-07-27 00:00:00,C1047,Phone,Electronics,South,1,30000.0,0.2,24000.0
O10052,2025-07-16 00:00:00,C1183,Phone,Electronics,North,1,30000.0,0.05,28500.0
O10053,2025-12-07 00:00:00,C1063,Laptop,Electronics,South,1,65000.0,0.05,61750.0
O10054,2025-05-05 00:00:00,C1186,Phone,Electronics,North,3,30000.0,0.15,76500.0
O10055,2025-05-18 00:00:00,C1089,Keyboard,Accessories,North,3,2500.0,0.2,6000.0
O10056,2025-12-05 00:00:00,C1189,Phone,Electronics,West,1,30000.0,0.2,24000.0
O10057,2025-01-25 00:00:00,C1075,Monitor,Electronics,South,5,18000.0,0.05,85500.0
O10058,2025-03-09 00:00:00,C1138,Monitor,Electronics,South,4,18000.0,0.0,72000.0
O10059,2025-03-02 00:00:00,C1100,Monitor,Electronics,East,4,18000.0,0.15,61200.0
O10060,2025-01-29 00:00:00,C1088,Monitor,Electronics,West,2,18000.0,0.2,28800.0
O10061,2025-01-19 00:00:00,C1017,Keyboard,Accessories,East,5,2500.0,0.05,11875.0
O10062,2025-06-20 00:00:00,C1018,Tablet,Electronics,West,3,22000.0,0.2,52800.0
O10063,2025-03-15 00:00:00,C1054,Mouse,Accessories,South,1,1200.0,0.15,1020.0
O10064,2025-03-02 00:00:00,C1101,Laptop,Electronics,North,2,65000.0,0.15,110500.0
O10065,2025-06-02 00:00:00,C1117,Monitor,Electronics,North,4,18000.0,0.1,64800.0
O10066,2025-10-03 00:00:00,C1153,Phone,Electronics,North,3,30000.0,0.05,85500.0
O10067,2025-02-17 00:00:00,C1133,Monitor,Electronics,North,3,18000.0,0.15,45900.0
O10068,2025-07-30 00:00:00,C1003,Phone,Electronics,North,1,30000.0,0.1,27000.0
O10069,2025-12-09 00:00:00,C1107,Mouse,Accessories,East,4,1200.0,0.1,4320.0
O10070,2025-05-19 00:00:00,C1114,Mouse,Accessories,West,5,1200.0,0.2,4800.0
O10071,2025-04-20 00:00:00,C1028,Mouse,Accessories,South,3,1200.0,0.2,2880.0
O10072,2025-07-02 00:00:00,C1058,Phone,Electronics,East,1,30000.0,0.1,27000.0
O10073,2025-01-28 00:00:00,C1124,Monitor,Electronics,West,5,18000.0,0.2,72000.0
O10074,2025-07-16 00:00:00,C1097,Mouse,Accessories,North,4,1200.0,0.15,4080.0
O10075,not_a_date,C1016,Keyboard,Accessories,West,3,2500.0,0.0,7500.0
O10076,2025-11-11 00:00:00,C1106,Phone,Electronics,West,5,30000.0,0.15,127500.0
O10077,2025-02-20 00:00:00,C1042,Phone,Electronics,North,5,30000.0,0.1,135000.0
O10078,2025-05-29 00:00:00,C1079,Monitor,Electronics,North,5,18000.0,0.1,81000.0
O10079,2025-09-25 00:00:00,C1193,Phone,Electronics,North,3,30000.0,0.15,76500.0
O10080,2025-02-19 00:00:00,C1161,Phone,Electronics,South,3,30000.0,0.2,72000.0
O10081,2025-09-03 00:00:00,C1007,Mouse,Accessories,North,2,1200.0,0.2,1920.0
O10082,2025-04-23 00:00:00,C1140,Monitor,Electronics,South,4,18000.0,0.1,64800.0
O10083,2025-06-19 00:00:00,C1105,Mouse,Accessories,North,1,1200.0,0.05,1140.0
O10084,2025-06-15 00:00:00,C1007,Mouse,Accessories,South,5,1200.0,0.2,4800.0
O10085,2025-01-14 00:00:00,C1095,Monitor,Electronics,West,2,18000.0,0.15,30600.0
O10086,2025-07-22 00:00:00,C1093,Laptop,Electronics,East,1,65000.0,0.2,52000.0
O10087,2025-10-15 00:00:00,C1064,Mouse,Accessories,West,2,1200.0,0.15,2040.0
O10088,2025-07-08 00:00:00,C1170,Keyboard,Accessories,West,-2,2500.0,0.1,-4500.0
O10089,2025-06-04 00:00:00,C1038,Keyboard,Accessories,North,5,2500.0,0.2,10000.0
O10090,2025-02-24 00:00:00,C1080,Phone,Electronics,South,1,30000.0,0.15,25500.0
O10091,2025-07-01 00:00:00,C1186,Keyboard,Accessories,East,1,2500.0,0.1,2250.0
O10092,2025-07-29 00:00:00,C1083,Phone,Electronics,North,1,30000.0,0.05,28500.0
O10093,2025-03-16 00:00:00,C1087,Laptop,Electronics,North,1,65000.0,0.15,55250.0
O10094,2025-10-04 00:00:00,C1085,Monitor,Electronics,North,1,18000.0,0.05,17100.0
O10095,2025-05-13 00:00:00,C1092,Monitor,Electronics,West,2,18000.0,0.05,34200.0
O10096,2025-12-09 00:00:00,C1085,Monitor,Electronics,South,5,18000.0,0.0,90000.0
O10097,2025-02-28 00:00:00,C1043,Keyboard,Accessories,South,3,2500.0,0.2,6000.0
O10098,2025-12-11 00:00:00,C1136,Laptop,Electronics,East,3,65000.0,0.15,165750.0
O10099,2025-07-01 00:00:00,C1164,Keyboard,Accessories,South,3,2500.0,0.05,7125.0
O10100,2025-12-05 00:00:00,C1073,Keyboard,Accessories,South,3,2500.0,0.0,7500.0
O10101,2025-11-17 00:00:00,C1035,Laptop,Electronics,North,2,65000.0,0.1,117000.0
O10102,2025-03-05 00:00:00,C1100,Laptop,Electronics,North,4,65000.0,0.15,221000.0
O10103,2025-11-23 00:00:00,C1155,Laptop,Electronics,West,5,65000.0,0.05,308750.0
O10104,2025-09-17 00:00:00,C1169,Laptop,Electronics,North,1,65000.0,0.2,52000.0
O10105,2025-07-12 00:00:00,C1170,Monitor,Electronics,North,0,18000.0,0.0,0.0
O10106,2025-05-23 00:00:00,C1169,Tablet,Electronics,North,3,22000.0,0.05,62700.0
O10107,2025-04-14 00:00:00,C1103,Tablet,Electronics,North,4,22000.0,0.2,70400.0
O10108,2025-08-02 00:00:00,C1065,Laptop,Electronics,West,5,65000.0,0.05,308750.0
O10109,2025-08-30 00:00:00,C1054,Tablet,Electronics,North,1,22000.0,0.15,18700.0
O10110,2025-07-28 00:00:00,C1199,Tablet,Electronics,East,1,22000.0,0.15,18700.0
O10111,2025-04-03 00:00:00,C1175,Laptop,Electronics,East,5,65000.0,0.15,276250.0
O10112,2025-05-22 00:00:00,C1090,Tablet,Electronics,East,5,22000.0,0.0,110000.0
O10113,2025-04-22 00:00:00,C1021,Keyboard,Accessories,East,3,2500.0,0.15,6375.0
O10114,2025-02-28 00:00:00,C1100,Phone,Electronics,North,1,30000.0,0.2,24000.0
O10115,2025-02-12 00:00:00,C1154,Phone,Electronics,East,4,30000.0,0.05,114000.0
O10116,2025-07-26 00:00:00,C1120,Laptop,Electronics,North,2,65000.0,0.1,117000.0
O10117,2025-09-25 00:00:00,C1092,Monitor,Electronics,West,2,18000.0,0.2,28800.0
O10118,2025-10-23 00:00:00,C1194,Laptop,Electronics,East,5,65000.0,0.2,260000.0
O10119,2025-04-28 00:00:00,C1107,Monitor,Electronics,South,3,18000.0,0.15,45900.0
O10120,2025-01-20 00:00:00,C1140,Phone,Electronics,East,2,30000.0,0.0,60000.0
O10121,2025-08-10 00:00:00,C1172,Laptop,Electronics,East,1,65000.0,0.05,61750.0
O10122,2025-06-15 00:00:00,C1009,Mouse,Accessories,North,5,1200.0,0.0,6000.0
O10123,2025-05-11 00:00:00,C1008,Keyboard,Accessories,East,4,2500.0,0.05,9500.0
O10124,2025-06-05 00:00:00,C1181,Tablet,Electronics,South,5,22000.0,0.05,104500.0
O10125,2025-07-03 00:00:00,C1154,Monitor,Electronics,North,4,18000.0,0.0,72000.0
O10126,2025-03-31 00:00:00,C1033,Mouse,Accessories,North,5,1200.0,0.2,4800.0
O10127,2025-04-04 00:00:00,C1128,Tablet,Electronics,West,5,22000.0,0.05,104500.0
O10128,2025-01-13 00:00:00,C1159,Tablet,Electronics,West,5,22000.0,0.0,110000.0
O10129,2025-11-18 00:00:00,C1088,Laptop,Electronics,East,4,65000.0,0.05,247000.0
O10130,2025-10-20 00:00:00,C1092,Tablet,Electronics,west,4,22000.0,0.1,79200.0
O10131,2025-08-18 00:00:00,C1070,Keyboard,Accessories,West,5,2500.0,0.2,10000.0
O10132,2025-11-18 00:00:00,C1066,Mouse,Accessories,West,2,1200.0,0.15,2040.0
O10133,2025-10-19 00:00:00,C1147,Tablet,Electronics,North,3,22000.0,0.05,62700.0
O10134,2025-01-26 00:00:00,C1116,Laptop,Electronics,North,3,65000.0,0.1,175500.0
O10135,2025-03-16 00:00:00,C1093,Keyboard,Accessories,North,3,2500.0,0.15,6375.0
O10136,2025-12-30 00:00:00,C1162,Phone,Electronics,West,4,30000.0,0.15,102000.0
O10137,2025-10-26 00:00:00,C1098,Mouse,Accessories,North,4,1200.0,0.05,4560.0
O10138,2025-05-30 00:00:00,C1112,Tablet,Electronics,West,2,22000.0,0.0,44000.0
O10139,2025-05-28 00:00:00,C1102,Laptop,Electronics,North,3,65000.0,0.05,185250.0
O10140,2025-01-08 00:00:00,,Phone,Electronics,North,3,30000.0,0.1,81000.0
O10141,2025-01-29 00:00:00,C1089,Phone,Electronics,South,5,30000.0,0.15,127500.0
O10142,2025-10-23 00:00:00,C1016,Monitor,Electronics,East,4,18000.0,0.05,68400.0
O10143,2025-07-28 00:00:00,C1017,Keyboard,Accessories,West,3,2500.0,0.0,7500.0
O10144,2025-05-08 00:00:00,C1172,Tablet,Electronics,South,2,22000.0,0.05,41800.0
O10145,2025-12-06 00:00:00,C1115,Laptop,Electronics,North,2,65000.0,0.2,104000.0
O10146,2025-04-26 00:00:00,C1092,Monitor,Electronics,West,3,18000.0,0.0,54000.0
O10147,2025-05-24 00:00:00,C1180,Keyboard,Accessories,North,4,2500.0,0.1,9000.0
O10148,2025-11-14 00:00:00,C1090,Monitor,Electronics,East,2,18000.0,0.15,30600.0
O10149,2025-08-23 00:00:00,C1081,Mouse,Accessories,South,5,1200.0,0.05,5700.0
O10150,2025-01-07 00:00:00,C1067,Keyboard,Accessories,East,2,2500.0,0.0,5000.0
O10151,2025-02-14 00:00:00,C1192,Keyboard,Accessories,South,1,2500.0,0.2,2000.0
O10152,2025-08-27 00:00:00,C1113,Tablet,Electronics,North,1,22000.0,0.0,22000.0
O10153,2025-06-04 00:00:00,C1000,Keyboard,Accessories,East,4,2500.0,0.2,8000.0
O10154,2025-06-30 00:00:00,C1057,Monitor,Electronics,East,3,18000.0,0.1,48600.0
O10155,2025-08-03 00:00:00,C1153,Keyboard,electronics,North,4,2500.0,0.15,8500.0
O10156,2025-03-29 00:00:00,C1108,Tablet,Electronics,East,4,22000.0,0.1,79200.0
O10157,2025-09-13 00:00:00,C1147,Tablet,Electronics,West,4,22000.0,0.05,83600.0
O10158,2025-03-14 00:00:00,C1115,Mouse,Accessories,South,4,1200.0,0.0,4800.0
O10159,2025-06-28 00:00:00,C1086,Monitor,Electronics,South,5,18000.0,0.2,72000.0
O10160,2025-07-31 00:00:00,C1009,Phone,Electronics,South,5,30000.0,0.2,120000.0
O10161,2025-10-20 00:00:00,C1058,Phone,Electronics,West,2,30000.0,0.0,60000.0
O10162,2025-08-22 00:00:00,C1040,Keyboard,Accessories,South,1,2500.0,0.0,2500.0
O10163,2025-08-27 00:00:00,C1104,Mouse,Accessories,North,4,1200.0,0.05,4560.0
O10164,2025-08-11 00:00:00,C1132,Laptop,Electronics,East,2,65000.0,0.1,117000.0
O10165,2025-04-29 00:00:00,C1121,Keyboard,Accessories,West,1,2500.0,0.2,2000.0
O10166,2025-11-09 00:00:00,C1192,Mouse,Accessories,South,3,1200.0,0.05,3420.0
O10167,2025-09-21 00:00:00,C1144,Monitor,Electronics,North,5,18000.0,0.1,81000.0
O10168,2025-07-26 00:00:00,C1021,Monitor,Electronics,East,1,18000.0,0.05,17100.0
O10169,2025-04-05 00:00:00,C1097,Monitor,Electronics,East,3,18000.0,0.2,43200.0
O10170,2025-08-10 00:00:00,C1168,Monitor,Electronics,West,1,18000.0,0.0,18000.0
O10171,2025-10-03 00:00:00,C1067,Monitor,Electronics,West,5,18000.0,0.0,90000.0
O10172,2025-08-19 00:00:00,C1196,Mouse,Accessories,West,5,1200.0,0.1,5400.0
O10173,2025-11-05 00:00:00,C1138,Mouse,Accessories,North,2,1200.0,0.15,2040.0
O10174,2025-04-29 00:00:00,C1055,Tablet,Electronics,North,4,22000.0,0.1,79200.0
O10175,2025-09-25 00:00:00,C1178,Laptop ,Electronics,West,1,30000.0,0.15,25500.0
O10176,2025-09-30 00:00:00,C1148,Monitor,Electronics,South,1,18000.0,0.05,17100.0
O10177,2025-03-05 00:00:00,C1098,Laptop,Electronics,East,3,65000.0,0.05,185250.0
O10178,2025-10-25 00:00:00,C1075,Mouse,Accessories,East,5,1200.0,0.2,4800.0
O10179,2025-12-16 00:00:00,C1025,Laptop,Electronics,North,1,65000.0,0.15,55250.0
O10180,2025-01-11 00:00:00,C1114,Laptop,Electronics,East,5,65000.0,0.2,260000.0
O10181,2025-04-08 00:00:00,C1146,Laptop,Electronics,South,1,65000.0,0.0,65000.0
O10182,2025-03-12 00:00:00,C1108,Tablet,Electronics,East,2,22000.0,0.15,37400.0
O10183,2025-12-30 00:00:00,C1187,Mouse,Accessories,North,4,1200.0,0.1,4320.0
O10184,2025-02-27 00:00:00,C1198,Laptop,Electronics,North,1,65000.0,0.0,65000.0
O10185,2025-10-17 00:00:00,C1046,Monitor,Electronics,South,5,18000.0,0.0,90000.0
O10186,2025-09-08 00:00:00,C1070,Keyboard,Accessories,South,2,2500.0,0.1,4500.0
O10187,2025-10-03 00:00:00,C1153,Laptop,Electronics,East,1,65000.0,0.0,65000.0
O10188,2025-02-19 00:00:00,C1039,Tablet,Electronics,East,3,22000.0,0.15,56100.0
O10189,2025-12-24 00:00:00,C1132,Mouse,Accessories,North,4,1200.0,0.2,3840.0
O10190,2025-08-04 00:00:00,C1148,Tablet,Electronics,South,1,22000.0,1.5,-11000.0
O10191,2025-02-21 00:00:00,C1131,Laptop,Electronics,South,2,65000.0,0.15,110500.0
O10192,2025-09-28 00:00:00,C1022,Mouse,Accessories,South,3,1200.0,0.05,3420.0
O10193,2025-03-25 00:00:00,C1105,Keyboard,Accessories,East,2,2500.0,0.15,4250.0
O10194,2025-10-20 00:00:00,C1083,Laptop,Electronics,South,2,65000.0,0.2,104000.0
O10195,2025-05-06 00:00:00,C1142,Tablet,Electronics,North,3,22000.0,0.15,56100.0
O10196,2025-10-23 00:00:00,C1115,Phone,Electronics,North,2,30000.0,0.1,54000.0
O10197,2025-03-13 00:00:00,C1108,Monitor,Electronics,East,3,18000.0,0.2,43200.0
O10198,2025-10-23 00:00:00,C1135,Tablet,Electronics,West,1,22000.0,0.05,20900.0
O10199,2025-08-24 00:00:00,C1040,Mouse,Accessories,East,3,1200.0,0.1,3240.0
O10200,2025-02-25 00:00:00,C1111,Laptop,Electronics,West,3,65000.0,0.15,165750.0
O10201,2025-12-26 00:00:00,C1146,Monitor,Electronics,South,4,18000.0,0.2,57600.0
O10202,2025-04-20 00:00:00,C1111,Laptop,Electronics,East,3,65000.0,0.05,185250.0
O10203,2025-07-11 00:00:00,C1102,Mouse,Accessories,North,3,1200.0,0.1,3240.0
O10204,2025-04-03 00:00:00,C1045,Laptop,Electronics,South,1,65000.0,0.05,61750.0
O10205,2025-12-16 00:00:00,C1155,Phone,Electronics,North,4,30000.0,0.15,102000.0
O10206,2025-02-25 00:00:00,C1067,Monitor,Electronics,South,5,18000.0,0.05,85500.0
O10207,2025-03-01 00:00:00,C1121,Monitor,Electronics,East,1,18000.0,0.0,18000.0
O10208,2025-05-18 00:00:00,C1014,Mouse,Accessories,West,1,1200.0,0.1,1080.0
O10209,2025-02-08 00:00:00,C1164,Phone,Electronics,South,5,30000.0,0.05,142500.0
O10210,2025-01-28 00:00:00,C1128,Tablet,Electronics,West,3,22000.0,0.15,56100.0
O10211,2025-02-18 00:00:00,C1194,Laptop,Electronics,South,2,65000.0,0.15,110500.0
O10212,2025-05-05 00:00:00,C1110,Keyboard,Accessories,North,4,2500.0,0.05,9500.0
O10213,2025-01-13 00:00:00,C1023,Laptop,Electronics,North,2,65000.0,0.15,110500.0
O10214,2025-02-05 00:00:00,C1026,Laptop,Electronics,South,5,65000.0,0.2,260000.0
O10215,2025-04-11 00:00:00,C1039,Tablet,Electronics,West,1,,0.2,17600.0
O10216,2025-10-09 00:00:00,C1190,Laptop,Electronics,East,1,65000.0,0.2,52000.0
O10217,2025-03-27 00:00:00,C1188,Phone,Electronics,East,4,30000.0,0.0,120000.0
O10218,2025-01-04 00:00:00,C1163,Phone,Electronics,North,1,30000.0,0.05,28500.0
O10219,2025-08-11 00:00:00,C1023,Monitor,Electronics,East,1,18000.0,0.0,18000.0
O10220,2025-12-04 00:00:00,C1023,Mouse,Accessories,North,4,1200.0,0.15,4080.0
O10221,2025-06-15 00:00:00,C1003,Keyboard,Accessories,East,4,2500.0,0.0,10000.0
O10222,2025-12-10 00:00:00,C1066,Laptop,Electronics,South,5,65000.0,0.15,276250.0
O10223,2025-10-05 00:00:00,C1033,Laptop,Electronics,North,1,65000.0,0.15,55250.0
O10224,2025-05-10 00:00:00,C1184,Tablet,Electronics,North,1,22000.0,0.1,19800.0
O10225,2025-01-31 00:00:00,C1176,Mouse,Accessories,South,5,1200.0,0.2,4800.0
O10226,2025-01-11 00:00:00,C1180,Phone,Electronics,North,3,30000.0,0.15,76500.0
O10227,2025-10-29 00:00:00,C1115,Keyboard,Accessories,East,3,2500.0,0.1,6750.0
O10228,2025-04-06 00:00:00,C1022,Monitor,Electronics,East,3,18000.0,0.2,43200.0
O10229,2025-07-09 00:00:00,C1108,Phone,Electronics,North,5,30000.0,0.15,127500.0
O10230,2025-07-11 00:00:00,C1068,Mouse,Accessories,East,1,1200.0,0.15,1020.0
O10231,2025-09-23 00:00:00,C1094,Monitor,Electronics,West,5,18000.0,0.0,90000.0
O10232,2025-05-08 00:00:00,C1180,Tablet,Electronics,North,5,22000.0,0.0,110000.0
O10233,2025-08-26 00:00:00,C1061,Tablet,Electronics,South,3,22000.0,0.2,52800.0
O10234,2025-12-21 00:00:00,C1168,Laptop,Electronics,West,2,65000.0,0.15,110500.0
O10235,2025-04-22 00:00:00,C1056,Mouse,Accessories,North,1,1200.0,0.05,1140.0
O10236,2025-11-12 00:00:00,C1187,Keyboard,Accessories,South,3,2500.0,0.0,7500.0
O10237,2025-12-09 00:00:00,C1053,Monitor,Electronics,East,2,18000.0,0.2,28800.0
O10238,2025-05-25 00:00:00,C1069,Phone,Electronics,South,2,30000.0,0.15,51000.0
O10239,2025-03-06 00:00:00,C1100,Mouse,Accessories,West,4,1200.0,0.15,4080.0
O10240,2025-09-04 00:00:00,C1056,Mouse,Accessories,East,1,1200.0,0.05,1140.0
O10241,2025-08-11 00:00:00,C1137,Tablet,Electronics,North,2,22000.0,0.2,35200.0
O10242,2025-11-09 00:00:00,C1167,Laptop,Electronics,East,3,65000.0,0.15,165750.0
O10243,2025-04-16 00:00:00,C1134,Laptop,Electronics,North,4,65000.0,0.0,260000.0
O10244,2025-06-30 00:00:00,C1102,Monitor,Electronics,North,1,18000.0,0.05,17100.0
O10245,2025-07-03 00:00:00,C1165,Tablet,Electronics,South,5,22000.0,0.2,88000.0
O10246,2025-08-14 00:00:00,C1084,Mouse,Accessories,South,3,1200.0,0.05,3420.0
O10247,2025-09-22 00:00:00,C1060,Keyboard,Accessories,South,2,2500.0,0.0,5000.0
O10248,2025-10-05 00:00:00,C1002,Tablet,Electronics,West,2,22000.0,0.2,35200.0
O10249,2025-03-30 00:00:00,C1127,Monitor,Electronics,West,3,18000.0,0.05,51300.0
O10250,2025-06-25 00:00:00,C1178,Monitor,Electronics,South,2,18000.0,0.1,32400.0
O10251,2025-01-18 00:00:00,C1085,Tablet,Electronics,West,4,22000.0,0.0,88000.0
O10252,2025-04-16 00:00:00,C1046,Monitor,Electronics,East,1,18000.0,0.0,18000.0
O10253,2025-09-28 00:00:00,C1195,Tablet,Electronics,East,4,22000.0,0.0,88000.0
O10254,2025-11-15 00:00:00,C1075,Phone,Electronics,West,2,30000.0,0.1,54000.0
O10255,2025-06-16 00:00:00,C1037,Tablet,Electronics,West,5,22000.0,0.1,99000.0
O10256,2025-01-13 00:00:00,C1163,Tablet,Electronics,East,1,22000.0,0.15,18700.0
O10257,2025-12-03 00:00:00,C1168,Monitor,Electronics,North,1,18000.0,0.05,17100.0
O10258,2025-02-01 00:00:00,C1196,Monitor,Electronics,East,3,18000.0,0.15,45900.0
O10259,2025-02-09 00:00:00,C1140,Laptop,Electronics,East,3,65000.0,0.05,185250.0
O10260,2025-05-28 00:00:00,C1086,Laptop,Electronics,West,5,65000.0,0.1,292500.0
O10261,2025-08-06 00:00:00,C1057,Phone,Electronics,East,1,30000.0,0.1,27000.0
O10262,2025-08-07 00:00:00,C1049,Laptop,Electronics,West,5,65000.0,0.15,276250.0
O10263,2025-03-23 00:00:00,C1029,Tablet,Electronics,West,3,22000.0,0.2,52800.0
O10264,2025-11-29 00:00:00,C1189,Monitor,Electronics,South,3,18000.0,0.15,45900.0
O10265,2025-07-27 00:00:00,C1100,Laptop,Electronics,East,1,65000.0,0.05,61750.0
O10266,2025-07-20 00:00:00,C1024,Laptop,Electronics,North,4,65000.0,0.15,221000.0
O10267,2025-11-28 00:00:00,C1111,Phone,Electronics,South,2,30000.0,0.0,60000.0
O10268,2025-02-07 00:00:00,C1154,Mouse,Accessories,West,3,1200.0,0.05,3420.0
O10269,2025-07-30 00:00:00,C1178,Phone,Electronics,West,3,30000.0,0.05,85500.0
O10270,2025-11-23 00:00:00,C1184,Tablet,Electronics,North,4,22000.0,0.2,70400.0
O10271,2025-09-06 00:00:00,C1125,Monitor,Electronics,West,4,18000.0,0.1,64800.0
O10272,2025-08-15 00:00:00,C1122,Phone,Electronics,East,5,30000.0,0.05,142500.0
O10273,2025-02-17 00:00:00,C1046,Laptop,Electronics,South,5,65000.0,0.1,292500.0
O10274,2025-01-18 00:00:00,C1117,Monitor,Electronics,West,2,18000.0,0.15,30600.0
O10275,2025-10-22 00:00:00,C1038,Monitor,Electronics,West,2,18000.0,0.0,36000.0
O10276,2025-07-15 00:00:00,C1015,Laptop,Electronics,North,1,65000.0,0.2,52000.0
O10277,2025-07-06 00:00:00,C1021,Phone,Electronics,East,5,30000.0,0.1,135000.0
O10278,2025-12-11 00:00:00,C1053,Laptop,Electronics,West,3,65000.0,0.05,185250.0
O10279,2025-08-12 00:00:00,C1148,Mouse,Accessories,North,5,1200.0,0.1,5400.0
O10280,2025-11-14 00:00:00,C1199,Monitor,Electronics,West,3,18000.0,0.05,51300.0
O10281,2025-12-31 00:00:00,C1015,Keyboard,Accessories,North,4,2500.0,0.1,9000.0
O10282,2025-12-03 00:00:00,C1058,Keyboard,Accessories,North,5,2500.0,0.05,11875.0
O10283,2025-08-17 00:00:00,C1030,Tablet,Electronics,East,4,22000.0,0.15,74800.0
O10284,2025-03-18 00:00:00,C1169,Laptop,Electronics,West,2,65000.0,0.05,123500.0
O10285,2025-07-07 00:00:00,C1031,Laptop,Electronics,East,2,65000.0,0.05,123500.0
O10286,2025-12-12 00:00:00,C1186,Tablet,Electronics,North,1,22000.0,0.0,22000.0
O10287,2025-09-27 00:00:00,C1161,Tablet,Electronics,South,5,22000.0,0.05,104500.0
O10288,2025-04-05 00:00:00,C1008,Tablet,Electronics,West,4,22000.0,0.0,88000.0
O10289,2025-11-06 00:00:00,C1138,Monitor,Electronics,South,3,18000.0,0.2,43200.0
O10290,2025-05-12 00:00:00,C1009,Mouse,Accessories,West,2,1200.0,0.0,2400.0
O10291,2025-02-08 00:00:00,C1016,Laptop,Electronics,East,2,65000.0,0.15,110500.0
O10292,2025-03-13 00:00:00,C1067,Monitor,Electronics,East,3,18000.0,0.0,54000.0
O10293,2025-10-08 00:00:00,C1047,Tablet,Electronics,East,4,22000.0,0.2,70400.0
O10294,2025-11-29 00:00:00,C1179,Laptop,Electronics,East,4,65000.0,0.15,221000.0
O10295,2025-06-09 00:00:00,C1110,Monitor,Electronics,East,5,18000.0,0.1,81000.0
O10296,2025-07-06 00:00:00,C1152,Mouse,Accessories,South,5,1200.0,0.1,5400.0
O10297,2025-07-10 00:00:00,C1122,Monitor,Electronics,East,1,18000.0,0.0,18000.0
O10298,2025-04-30 00:00:00,C1148,Mouse,Accessories,North,2,1200.0,0.0,2400.0
O10299,2025-08-08 00:00:00,C1100,Tablet,Electronics,North,5,22000.0,0.2,88000.0
O10300,2025-02-22 00:00:00,C1101,Mouse,Accessories,South,4,1200.0,0.2,3840.0
O10301,2025-08-10 00:00:00,C1064,Laptop,Electronics,West,3,65000.0,0.05,185250.0
O10302,2025-05-11 00:00:00,C1190,Tablet,Electronics,North,4,22000.0,0.2,70400.0
O10303,2025-08-25 00:00:00,C1050,Laptop,Electronics,West,2,65000.0,0.05,123500.0
O10304,2025-09-03 00:00:00,C1035,Keyboard,Accessories,South,4,2500.0,0.15,8500.0
O10305,2025-08-14 00:00:00,C1080,Phone,Electronics,West,1,30000.0,0.0,30000.0
O10306,2025-07-27 00:00:00,C1126,Mouse,Accessories,West,2,1200.0,0.15,2040.0
O10307,2025-04-06 00:00:00,C1087,Phone,Electronics,West,3,30000.0,0.2,72000.0
O10308,2025-07-19 00:00:00,C1193,Phone,Electronics,West,1,30000.0,0.15,25500.0
O10309,2025-09-04 00:00:00,C1103,Mouse,Accessories,South,2,1200.0,0.15,2040.0
O10310,2025-03-13 00:00:00,C1014,Tablet,Electronics,North,3,22000.0,0.15,56100.0
O10311,2025-11-14 00:00:00,C1095,Keyboard,Accessories,East,1,2500.0,0.2,2000.0
O10312,2025-07-04 00:00:00,C1166,Laptop,Electronics,West,1,65000.0,0.15,55250.0
O10313,2025-01-06 00:00:00,C1122,Monitor,Electronics,North,2,18000.0,0.05,34200.0
O10314,2025-07-25 00:00:00,C1197,Laptop,Electronics,North,5,65000.0,0.2,260000.0
O10315,2025-02-01 00:00:00,C1000,Monitor,Electronics,South,1,18000.0,0.15,15300.0
O10316,2025-04-09 00:00:00,C1150,Laptop,Electronics,North,1,65000.0,0.2,52000.0
O10317,2025-09-13 00:00:00,C1121,Mouse,Accessories,South,3,1200.0,0.1,3240.0
O10318,2025-07-06 00:00:00,C1166,Keyboard,Accessories,West,4,2500.0,0.05,9500.0
O10319,2025-03-17 00:00:00,C1125,Monitor,Electronics,West,2,18000.0,0.15,30600.0
O10320,not_a_date,C1056,Tablet,Electronics,East,2,22000.0,0.1,39600.0
O10321,2025-11-11 00:00:00,C1080,Laptop,Electronics,East,5,65000.0,0.1,292500.0
O10322,2025-10-14 00:00:00,C1161,Laptop,Electronics,East,5,65000.0,0.2,260000.0
O10323,2025-12-15 00:00:00,C1168,Monitor,Electronics,North,2,18000.0,0.1,32400.0
O10324,2025-09-12 00:00:00,C1072,Tablet,Electronics,West,5,22000.0,0.05,104500.0
O10325,2025-11-21 00:00:00,C1140,Tablet,Electronics,South,3,22000.0,0.05,62700.0
O10326,2025-07-09 00:00:00,C1069,Mouse,Accessories,East,2,1200.0,0.0,2400.0
O10327,2025-11-04 00:00:00,C1005,Mouse,Accessories,South,5,1200.0,0.05,5700.0
O10328,2025-12-11 00:00:00,C1083,Mouse,Accessories,South,2,1200.0,0.1,2160.0
O10329,2025-05-07 00:00:00,C1051,Mouse,Accessories,East,4,1200.0,0.05,4560.0
O10330,2025-10-14 00:00:00,C1002,Mouse,Accessories,West,1,1200.0,0.2,960.0
O10331,2025-09-11 00:00:00,C1080,Mouse,Accessories,East,2,1200.0,0.0,2400.0
O10332,2025-08-01 00:00:00,C1062,Keyboard,Accessories,South,1,2500.0,0.1,2250.0
O10333,2025-09-07 00:00:00,C1048,Tablet,Electronics,East,5,22000.0,0.0,110000.0
O10334,2025-03-25 00:00:00,C1075,Mouse,Accessories,South,1,1200.0,0.1,1080.0
O10335,2025-01-13 00:00:00,C1111,Tablet,Electronics,South,2,22000.0,0.2,35200.0
O10336,2025-02-14 00:00:00,C1174,Tablet,Electronics,East,4,22000.0,0.0,88000.0
O10337,2025-05-07 00:00:00,C1108,Phone,Electronics,North,5,30000.0,0.15,127500.0
O10338,2025-04-24 00:00:00,C1182,Keyboard,Accessories,East,2,2500.0,0.1,4500.0
O10339,2025-10-03 00:00:00,C1191,Mouse,Accessories,North,5,1200.0,0.15,5100.0
O10340,2025-07-24 00:00:00,C1064,Laptop,Electronics,South,3,65000.0,0.0,195000.0
O10341,2025-12-03 00:00:00,C1080,Monitor,Electronics,South,1,18000.0,0.15,15300.0
O10342,2025-09-30 00:00:00,C1194,Laptop,Electronics,North,3,65000.0,0.15,165750.0
O10343,2025-02-27 00:00:00,C1014,Keyboard,Accessories,South,2,2500.0,0.0,5000.0
O10344,2025-11-24 00:00:00,C1099,Monitor,Electronics,North,4,18000.0,0.2,57600.0
O10345,2025-08-07 00:00:00,C1031,Keyboard,Accessories,North,5,2500.0,0.15,10625.0
O10346,2025-04-19 00:00:00,C1095,Tablet,Electronics,South,1,22000.0,0.15,18700.0
O10347,2025-10-06 00:00:00,C1127,Monitor,Electronics,West,5,18000.0,0.2,72000.0
O10348,2025-06-23 00:00:00,C1195,Tablet,Electronics,North,2,22000.0,0.15,37400.0
O10349,2025-11-24 00:00:00,C1145,Laptop,Electronics,East,5,65000.0,0.15,276250.0
O10350,2025-09-21 00:00:00,C1112,Laptop,Electronics,East,1,65000.0,0.15,55250.0
O10351,2025-11-11 00:00:00,C1082,Monitor,Electronics,South,2,18000.0,0.05,34200.0
O10352,2025-04-21 00:00:00,C1042,Monitor,Electronics,West,5,18000.0,0.2,72000.0
O10353,2025-07-06 00:00:00,C1115,Mouse,Accessories,South,4,1200.0,0.15,4080.0
O10354,2025-09-26 00:00:00,C1162,Keyboard,Accessories,West,2,2500.0,0.2,4000.0
O10355,2025-08-17 00:00:00,,Mouse,Accessories,North,2,1200.0,0.1,2160.0
O10356,2025-06-05 00:00:00,C1057,Keyboard,Accessories,North,4,2500.0,0.1,9000.0
O10357,2025-07-08 00:00:00,C1032,Mouse,Accessories,North,3,1200.0,0.15,3060.0
O10358,2025-09-29 00:00:00,C1013,Tablet,Electronics,North,1,22000.0,0.2,17600.0
O10359,2025-01-02 00:00:00,C1161,Monitor,Electronics,East,3,18000.0,0.2,43200.0
O10360,2025-09-03 00:00:00,C1188,Laptop,Electronics,East,5,65000.0,0.2,260000.0
O10361,2025-07-29 00:00:00,C1131,Keyboard,Accessories,South,4,2500.0,0.05,9500.0
O10362,2025-10-13 00:00:00,C1058,Keyboard,Accessories,West,3,2500.0,0.1,6750.0
O10363,2025-12-25 00:00:00,C1156,Laptop,Electronics,North,2,65000.0,0.2,104000.0
O10364,2025-01-13 00:00:00,C1082,Mouse,Accessories,North,5,1200.0,0.2,4800.0
O10365,2025-04-06 00:00:00,C1133,Keyboard,Accessories,West,5,2500.0,0.05,11875.0
O10366,2025-08-09 00:00:00,C1120,Tablet,Electronics,West,3,22000.0,0.05,62700.0
O10367,2025-08-26 00:00:00,C1176,Monitor,Electronics,South,3,18000.0,0.2,43200.0
O10368,2025-04-04 00:00:00,C1167,Laptop,Electronics,West,4,65000.0,0.0,260000.0
O10369,2025-12-04 00:00:00,C1082,Monitor,Electronics,North,1,18000.0,0.2,14400.0
O10370,2025-09-26 00:00:00,C1192,Keyboard,Accessories,North,3,2500.0,0.2,6000.0
O10371,2025-06-20 00:00:00,C1196,Keyboard,Accessories,North,3,2500.0,0.05,7125.0
O10372,2025-04-04 00:00:00,C1026,Laptop,Electronics,North,2,65000.0,0.05,123500.0
O10373,2025-05-29 00:00:00,C1079,Tablet,Electronics,North,5,22000.0,0.2,88000.0
O10374,2025-04-22 00:00:00,C1133,Phone,Electronics,South,1,30000.0,0.2,24000.0
O10375,2025-02-24 00:00:00,C1012,Laptop,Electronics,North,2,65000.0,0.2,104000.0
O10376,2025-12-03 00:00:00,C1063,Phone,Electronics,South,4,30000.0,0.05,114000.0
O10377,2025-04-26 00:00:00,C1189,Mouse,Accessories,North,4,1200.0,0.2,3840.0
O10378,2025-05-23 00:00:00,C1146,Phone,Electronics,East,3,30000.0,0.2,72000.0
O10379,2025-07-20 00:00:00,C1079,Tablet,Electronics,East,3,22000.0,0.15,56100.0
O10380,2025-06-29 00:00:00,C1122,Mouse,Accessories,East,4,1200.0,0.0,4800.0
O10381,2025-07-21 00:00:00,C1042,Phone,Electronics,East,3,30000.0,0.1,81000.0
O10382,2025-12-30 00:00:00,C1088,Mouse,Accessories,South,1,1200.0,0.0,1200.0
O10383,2025-02-22 00:00:00,C1147,Phone,Electronics,South,3,30000.0,0.15,76500.0
O10384,2025-06-29 00:00:00,C1094,Tablet,Electronics,West,5,22000.0,0.1,99000.0
O10385,2025-11-09 00:00:00,C1195,Phone,Electronics,North,3,30000.0,0.2,72000.0
O10386,2025-11-04 00:00:00,C1171,Phone,Electronics,East,2,30000.0,0.15,51000.0
O10387,2025-05-17 00:00:00,C1150,Phone,Electronics,South,1,30000.0,0.2,24000.0
O10388,2025-07-01 00:00:00,C1001,Laptop,Electronics,North,2,65000.0,0.05,123500.0
O10389,2025-01-01 00:00:00,C1119,Laptop,Electronics,North,2,65000.0,0.15,110500.0
O10390,2025-02-13 00:00:00,C1021,Laptop,Electronics,South,5,65000.0,0.05,308750.0
O10391,2025-08-15 00:00:00,C1114,Tablet,Electronics,East,1,22000.0,0.15,18700.0
O10392,2025-11-27 00:00:00,C1056,Mouse,Accessories,West,1,1200.0,0.15,1020.0
O10393,2025-04-08 00:00:00,C1071,Keyboard,Accessories,North,1,2500.0,0.05,2375.0
O10394,2025-07-27 00:00:00,C1006,Phone,Electronics,West,1,30000.0,0.1,27000.0
O10395,2025-09-22 00:00:00,C1183,Phone,Electronics,East,1,30000.0,0.0,30000.0
O10396,2025-10-15 00:00:00,C1118,Tablet,Electronics,East,5,22000.0,0.2,88000.0
O10397,2025-09-28 00:00:00,C1194,Phone,Electronics,West,3,30000.0,0.15,76500.0
O10398,2025-05-20 00:00:00,C1113,Laptop,Electronics,East,2,65000.0,0.2,104000.0
O10399,2025-08-25 00:00:00,C1015,Keyboard,Accessories,North,1,2500.0,0.05,2375.0
O10400,2025-03-13 00:00:00,C1082,Monitor,Electronics,West,3,18000.0,0.2,43200.0
O10401,2025-06-04 00:00:00,C1178,Phone,Electronics,East,3,30000.0,0.05,85500.0
O10402,2025-07-09 00:00:00,C1071,Laptop,Electronics,West,2,65000.0,0.2,104000.0
O10403,2025-09-25 00:00:00,C1123,Monitor,Electronics,North,5,18000.0,0.0,90000.0
O10404,2025-11-17 00:00:00,C1112,Keyboard,Accessories,East,4,2500.0,0.0,10000.0
O10405,2025-04-17 00:00:00,C1011,Monitor,Electronics,North,4,18000.0,0.0,72000.0
O10406,2025-08-20 00:00:00,C1125,Laptop,Electronics,East,3,65000.0,0.0,195000.0
O10407,2025-02-11 00:00:00,C1052,Mouse,Accessories,South,2,1200.0,0.0,2400.0
O10408,2025-07-09 00:00:00,C1074,Mouse,Accessories,East,4,1200.0,0.0,4800.0
O10409,2025-05-19 00:00:00,C1132,Monitor,Electronics,West,3,18000.0,0.05,51300.0
O10410,2025-04-13 00:00:00,C1026,Tablet,Electronics,East,5,22000.0,0.15,93500.0
O10411,2025-06-20 00:00:00,C1139,Monitor,Electronics,North,4,18000.0,0.2,57600.0
O10412,2025-12-17 00:00:00,C1144,Phone,Electronics,North,3,30000.0,0.0,90000.0
O10413,2025-09-30 00:00:00,C1133,Phone,Electronics,East,3,30000.0,0.05,85500.0
O10414,2025-08-09 00:00:00,C1096,Mouse,Accessories,West,1,1200.0,0.05,1140.0
O10415,2025-08-01 00:00:00,C1004,Tablet,Electronics,South,5,22000.0,0.05,104500.0
O10416,2025-12-07 00:00:00,C1056,Laptop,Electronics,West,1,65000.0,0.15,55250.0
O10417,2025-02-25 00:00:00,C1155,Phone,Electronics,South,2,30000.0,0.2,48000.0
O10418,2025-12-08 00:00:00,C1077,Mouse,Accessories,North,1,1200.0,0.15,1020.0
O10419,2025-04-12 00:00:00,C1068,Keyboard,Accessories,West,1,2500.0,0.1,2250.0
O10420,2025-07-11 00:00:00,C1117,Mouse,Accessories,South,4,1200.0,0.05,4560.0
O10421,2025-11-06 00:00:00,C1119,Phone,Electronics,East,3,30000.0,0.1,81000.0
O10422,2025-07-19 00:00:00,C1058,Phone,Electronics,North,5,30000.0,0.0,150000.0
O10423,2025-08-21 00:00:00,C1032,Mouse,Accessories,East,1,1200.0,0.0,1200.0
O10424,2025-08-15 00:00:00,C1061,Laptop,Electronics,North,5,65000.0,0.15,276250.0
O10425,2025-05-19 00:00:00,C1049,Monitor,Electronics,West,1,18000.0,0.2,14400.0
O10426,2025-12-10 00:00:00,C1111,Phone,Electronics,West,2,30000.0,0.1,54000.0
O10427,2025-11-01 00:00:00,C1018,Mouse,Accessories,North,1,1200.0,0.2,960.0
O10428,2025-05-29 00:00:00,C1196,Mouse,Accessories,North,4,1200.0,0.15,4080.0
O10429,2025-04-25 00:00:00,C1122,Tablet,Electronics,North,3,22000.0,0.0,66000.0
O10430,2025-03-04 00:00:00,C1193,Monitor,Electronics,West,2,18000.0,0.2,28800.0
O10431,2025-04-14 00:00:00,C1046,Keyboard,Accessories,South,1,2500.0,0.2,2000.0
O10432,2025-12-05 00:00:00,C1166,Laptop,Electronics,East,5,65000.0,0.0,325000.0
O10433,2025-12-25 00:00:00,C1195,Keyboard,Accessories,East,2,2500.0,0.1,4500.0
O10434,2025-06-05 00:00:00,C1032,Monitor,Electronics,West,2,18000.0,0.0,36000.0
O10435,2025-09-30 00:00:00,C1140,Monitor,Electronics,East,1,18000.0,0.2,14400.0
O10436,2025-01-06 00:00:00,C1083,Monitor,Electronics,North,2,18000.0,0.1,32400.0
O10437,2025-05-27 00:00:00,C1181,Keyboard,Accessories,South,5,2500.0,0.1,11250.0
O10438,2025-07-03 00:00:00,C1134,Monitor,Electronics,East,2,18000.0,0.0,36000.0
O10439,2025-01-28 00:00:00,C1078,Mouse,Accessories,South,5,1200.0,0.2,4800.0
O10440,2025-02-07 00:00:00,C1013,Keyboard,Accessories,North,1,2500.0,0.15,2125.0
O10441,2025-04-29 00:00:00,C1146,Monitor,Electronics,East,3,18000.0,0.2,43200.0
O10442,2025-10-20 00:00:00,C1127,Mouse,Accessories,West,2,1200.0,0.05,2280.0
O10443,2025-09-01 00:00:00,C1053,Tablet,Electronics,South,3,22000.0,0.15,56100.0
O10444,2025-03-09 00:00:00,C1147,Monitor,Electronics,North,5,18000.0,0.1,81000.0
O10445,2025-08-02 00:00:00,C1028,Keyboard,Accessories,South,2,2500.0,0.15,4250.0
O10446,2025-08-06 00:00:00,C1023,Phone,Electronics,East,4,30000.0,0.1,108000.0
O10447,2025-06-26 00:00:00,C1081,Monitor,Electronics,East,3,18000.0,0.1,48600.0
O10448,2025-10-26 00:00:00,C1062,Phone,Electronics,West,2,30000.0,0.15,51000.0
O10449,2025-06-13 00:00:00,C1104,Mouse,Accessories,North,3,1200.0,0.1,3240.0
O10450,2025-02-27 00:00:00,C1056,Tablet,Electronics,North,-2,22000.0,0.1,-39600.0
O10451,2025-09-26 00:00:00,C1135,Laptop,Electronics,West,1,65000.0,0.05,61750.0
O10452,2025-11-04 00:00:00,C1061,Tablet,Electronics,West,3,22000.0,0.2,52800.0
O10453,2025-02-27 00:00:00,C1156,Monitor,Electronics,North,4,18000.0,0.2,57600.0
O10454,2025-10-15 00:00:00,C1016,Phone,Electronics,South,4,30000.0,0.05,114000.0
O10455,2025-04-15 00:00:00,C1065,Phone,Electronics,South,5,30000.0,0.15,127500.0
O10456,2025-08-16 00:00:00,C1005,Keyboard,Accessories,West,2,2500.0,0.0,5000.0
O10457,2025-09-04 00:00:00,C1057,Phone,Electronics,South,3,30000.0,0.0,90000.0
O10458,2025-07-07 00:00:00,C1068,Keyboard,Accessories,North,5,2500.0,0.0,12500.0
O10459,2025-03-24 00:00:00,C1155,Mouse,Accessories,East,3,1200.0,0.05,3420.0
O10460,2025-07-05 00:00:00,C1061,Laptop,Electronics,East,2,65000.0,0.05,123500.0
O10461,2025-09-09 00:00:00,C1168,Monitor,Electronics,South,4,18000.0,0.1,64800.0
O10462,2025-12-21 00:00:00,C1196,Keyboard,Accessories,West,1,2500.0,0.0,2500.0
O10463,2025-08-26 00:00:00,C1081,Laptop,Electronics,West,4,65000.0,0.15,221000.0
O10464,2025-12-26 00:00:00,C1168,Phone,Electronics,West,5,30000.0,0.15,127500.0
O10465,2025-07-03 00:00:00,C1176,Phone,Electronics,West,1,30000.0,0.0,30000.0
O10466,2025-10-11 00:00:00,C1176,Laptop,Electronics,West,5,65000.0,0.0,325000.0
O10467,2025-07-29 00:00:00,C1070,Phone,Electronics,South,2,30000.0,0.0,60000.0
O10468,2025-10-31 00:00:00,C1130,Mouse,Accessories,East,1,1200.0,0.05,1140.0
O10469,2025-10-23 00:00:00,C1009,Mouse,Accessories,East,5,1200.0,0.05,5700.0
O10470,2025-04-07 00:00:00,C1097,Laptop,Electronics,South,2,65000.0,0.05,123500.0
O10471,2025-07-27 00:00:00,C1088,Keyboard,Accessories,West,4,2500.0,0.2,8000.0
O10472,2025-05-17 00:00:00,C1034,Keyboard,Accessories,South,2,2500.0,0.15,4250.0
O10473,2025-07-03 00:00:00,C1001,Laptop,Electronics,East,3,65000.0,0.15,165750.0
O10474,2025-03-17 00:00:00,C1123,Keyboard,Accessories,North,2,2500.0,0.1,4500.0
O10475,2025-10-14 00:00:00,C1023,Keyboard,Accessories,South,2,2500.0,0.05,4750.0
O10476,2025-05-22 00:00:00,C1073,Mouse,Accessories,West,3,1200.0,0.2,2880.0
O10477,2025-08-25 00:00:00,C1165,Keyboard,Accessories,East,5,2500.0,0.2,10000.0
O10478,2025-01-25 00:00:00,C1021,Tablet,Electronics,East,5,22000.0,0.15,93500.0
O10479,2025-10-17 00:00:00,C1153,Monitor,Electronics,East,2,18000.0,0.05,34200.0
O10480,2025-03-08 00:00:00,C1170,Phone,Electronics,East,3,30000.0,0.1,81000.0
O10481,2025-09-07 00:00:00,C1182,Tablet,Electronics,West,3,22000.0,0.05,62700.0
O10482,2025-04-28 00:00:00,C1038,Keyboard,Accessories,North,4,2500.0,0.0,10000.0
O10483,2025-03-14 00:00:00,C1156,Mouse,Accessories,East,5,1200.0,0.05,5700.0
O10484,2025-10-09 00:00:00,C1019,Laptop,Electronics,South,1,65000.0,0.0,65000.0
O10485,2025-12-26 00:00:00,C1040,Keyboard,Accessories,North,5,2500.0,0.0,12500.0
O10486,2025-01-10 00:00:00,C1181,Mouse,Accessories,East,5,1200.0,0.1,5400.0
O10487,2025-07-30 00:00:00,C1147,Monitor,Electronics,North,4,18000.0,0.15,61200.0
O10488,2025-11-19 00:00:00,C1107,Keyboard,Accessories,South,1,2500.0,0.05,2375.0
O10489,2025-06-01 00:00:00,C1146,Laptop,Electronics,East,4,65000.0,0.0,260000.0
O10490,2025-01-05 00:00:00,C1083,Mouse,Accessories,South,1,1200.0,0.05,1140.0
O10491,2025-07-14 00:00:00,C1110,Mouse,Accessories,West,2,1200.0,0.15,2040.0
O10492,2025-10-10 00:00:00,C1065,Mouse,Accessories,East,1,1200.0,0.15,1020.0
O10493,2025-04-23 00:00:00,C1157,Monitor,Electronics,East,4,18000.0,0.2,57600.0
O10494,2025-09-28 00:00:00,C1052,Keyboard,Accessories,East,5,2500.0,0.15,10625.0
O10495,2025-06-12 00:00:00,C1033,Monitor,Electronics,East,1,18000.0,0.1,16200.0
O10496,2025-04-15 00:00:00,C1149,Phone,Electronics,West,1,30000.0,0.0,30000.0
O10497,2025-06-30 00:00:00,C1066,Phone,Electronics,East,3,30000.0,0.2,72000.0
O10498,2025-02-13 00:00:00,C1133,Keyboard,Accessories,North,5,2500.0,0.1,11250.0
O10499,2025-10-09 00:00:00,C1026,Monitor,Electronics,East,2,18000.0,0.05,34200.0
O10500,2025-06-24 00:00:00,C1009,Laptop,Electronics,West,4,65000.0,0.0,260000.0
O10501,2025-06-11 00:00:00,C1072,Mouse,Accessories,East,2,,0.15,2040.0
O10502,2025-12-17 00:00:00,C1095,Mouse,Accessories,North,5,1200.0,0.0,6000.0
O10503,2025-12-06 00:00:00,C1047,Keyboard,Accessories,West,1,2500.0,0.05,2375.0
O10504,2025-05-20 00:00:00,C1069,Phone,Electronics,West,1,30000.0,0.2,24000.0
O10505,2025-05-12 00:00:00,C1186,Phone,Electronics,North,5,30000.0,0.2,120000.0
O10506,2025-03-28 00:00:00,C1099,Mouse,Accessories,North,1,1200.0,0.2,960.0
O10507,2025-06-25 00:00:00,C1058,Keyboard,Accessories,North,1,2500.0,0.15,2125.0
O10508,2025-07-02 00:00:00,C1001,Monitor,Electronics,North,1,18000.0,0.1,16200.0
O10509,2025-05-09 00:00:00,C1156,Phone,Electronics,North,4,30000.0,0.1,108000.0
O10510,2025-09-03 00:00:00,C1195,Monitor,Electronics,West,4,18000.0,0.0,72000.0
O10511,2025-03-30 00:00:00,C1064,Phone,Electronics,West,3,30000.0,0.15,76500.0
O10512,2025-03-07 00:00:00,C1082,Phone,Electronics,East,2,30000.0,0.2,48000.0
O10513,2025-06-07 00:00:00,C1153,Tablet,Electronics,East,5,22000.0,0.2,88000.0
O10514,2025-05-29 00:00:00,C1009,Phone,Electronics,South,5,30000.0,0.05,142500.0
O10515,2025-12-06 00:00:00,C1052,Laptop,Electronics,East,5,65000.0,0.05,308750.0
O10516,2025-04-26 00:00:00,C1078,Keyboard,Accessories,East,3,2500.0,0.2,6000.0
O10517,2025-08-02 00:00:00,C1058,Keyboard,Accessories,North,4,2500.0,0.2,8000.0
O10518,2025-10-21 00:00:00,C1149,Monitor,Electronics,North,3,18000.0,0.15,45900.0
O10519,2025-09-10 00:00:00,C1178,Phone,Electronics,East,5,30000.0,0.1,135000.0
O10520,2025-05-23 00:00:00,C1047,Laptop,Electronics,South,2,65000.0,0.05,123500.0
O10521,2025-09-07 00:00:00,C1148,Monitor,Electronics,North,1,18000.0,0.1,16200.0
O10522,2025-10-29 00:00:00,C1122,Tablet,Electronics,East,4,22000.0,0.15,74800.0
O10523,2025-01-25 00:00:00,C1021,Monitor,Electronics,East,4,18000.0,0.2,57600.0
O10524,2025-10-04 00:00:00,C1099,Monitor,Electronics,West,3,18000.0,0.1,48600.0
O10525,2025-03-11 00:00:00,C1097,Phone,Electronics,South,4,30000.0,0.2,96000.0
O10526,2025-04-23 00:00:00,C1157,Tablet,Electronics,West,5,22000.0,0.2,88000.0
O10527,2025-12-29 00:00:00,C1024,Monitor,Electronics,South,5,18000.0,0.0,90000.0
O10528,2025-04-22 00:00:00,C1027,Laptop,Electronics,North,3,65000.0,0.1,175500.0
O10529,2025-12-30 00:00:00,C1192,Laptop,Electronics,South,5,65000.0,0.1,292500.0
O10530,2025-10-30 00:00:00,C1112,Keyboard,Accessories,East,2,2500.0,0.2,4000.0
O10531,2025-04-01 00:00:00,C1044,Tablet,Electronics,East,3,22000.0,0.15,56100.0
O10532,2025-01-18 00:00:00,C1067,Tablet,Electronics,South,2,22000.0,0.0,44000.0
O10533,2025-05-29 00:00:00,C1006,Keyboard,Accessories,South,1,2500.0,0.2,2000.0
O10534,2025-08-15 00:00:00,C1048,Monitor,Electronics,South,2,18000.0,0.05,34200.0
O10535,2025-08-02 00:00:00,C1136,Tablet,Electronics,West,1,22000.0,0.05,20900.0
O10536,2025-12-26 00:00:00,C1163,Laptop,Electronics,South,1,65000.0,0.0,65000.0
O10537,2025-05-31 00:00:00,C1082,Laptop,Electronics,North,2,65000.0,0.15,110500.0
O10538,2025-07-11 00:00:00,C1128,Phone,Electronics,West,3,30000.0,0.2,72000.0
O10539,2025-02-09 00:00:00,C1137,Tablet,Electronics,West,5,22000.0,0.1,99000.0
O10540,2025-08-30 00:00:00,C1163,Monitor,Electronics,South,5,18000.0,0.0,90000.0
O10541,2025-05-18 00:00:00,C1072,Keyboard,Accessories,North,1,2500.0,0.15,2125.0
O10542,2025-12-11 00:00:00,C1045,Keyboard,Accessories,West,1,2500.0,0.1,2250.0
O10543,2025-06-29 00:00:00,C1105,Monitor,Electronics,East,3,18000.0,0.05,51300.0
O10544,2025-07-19 00:00:00,C1159,Mouse,Accessories,West,4,1200.0,0.05,4560.0
O10545,2025-07-22 00:00:00,C1031,Phone,Electronics,South,2,30000.0,0.1,54000.0
O10546,2025-03-02 00:00:00,C1005,Keyboard,Accessories,North,1,2500.0,0.0,2500.0
O10547,2025-07-11 00:00:00,C1175,Tablet,Electronics,South,5,22000.0,0.05,104500.0
O10548,2025-01-05 00:00:00,C1165,Phone,Electronics,East,3,30000.0,0.2,72000.0
O10549,2025-08-25 00:00:00,C1144,Tablet,Electronics,East,2,22000.0,0.1,39600.0
O10550,2025-06-30 00:00:00,C1073,Laptop,Electronics,East,3,65000.0,0.1,175500.0
O10551,2025-11-07 00:00:00,C1113,Phone,Electronics,South,2,30000.0,0.05,57000.0
O10552,2025-02-06 00:00:00,C1026,Keyboard,Accessories,West,2,2500.0,0.0,5000.0
O10553,2025-02-25 00:00:00,C1053,Phone,Electronics,South,1,30000.0,0.2,24000.0
O10554,2025-08-25 00:00:00,C1177,Phone,Electronics,North,3,30000.0,0.0,90000.0
O10555,2025-12-24 00:00:00,C1162,Phone,Electronics,West,3,30000.0,0.15,76500.0
O10556,2025-12-15 00:00:00,C1084,Mouse,Accessories,East,5,1200.0,0.15,5100.0
O10557,2025-07-16 00:00:00,C1126,Phone,Electronics,South,5,30000.0,0.05,142500.0
O10558,2025-03-14 00:00:00,C1152,Tablet,Electronics,East,1,22000.0,0.05,20900.0
O10559,2025-02-28 00:00:00,C1155,Laptop,Electronics,East,1,65000.0,0.05,61750.0
O10560,2025-08-28 00:00:00,C1110,Monitor,Electronics,west,4,18000.0,0.15,61200.0
O10561,2025-01-02 00:00:00,C1014,Phone,Electronics,West,5,30000.0,0.0,150000.0
O10562,2025-12-26 00:00:00,C1131,Keyboard,Accessories,North,2,2500.0,0.0,5000.0
O10563,2025-07-07 00:00:00,C1092,Phone,Electronics,North,3,30000.0,0.05,85500.0
O10564,2025-11-03 00:00:00,C1122,Keyboard,Accessories,North,1,2500.0,0.2,2000.0
O10565,2025-01-30 00:00:00,C1072,Tablet,Electronics,East,3,22000.0,0.0,66000.0
O10566,2025-09-24 00:00:00,C1154,Keyboard,Accessories,North,3,2500.0,0.15,6375.0
O10567,2025-04-18 00:00:00,C1153,Monitor,Electronics,North,4,18000.0,0.1,64800.0
O10568,2025-11-28 00:00:00,C1146,Laptop,Electronics,West,5,65000.0,0.1,292500.0
O10569,2025-03-31 00:00:00,C1091,Keyboard,Accessories,West,1,2500.0,0.1,2250.0
O10570,2025-07-24 00:00:00,C1016,Keyboard,Accessories,North,3,2500.0,0.2,6000.0
O10571,2025-08-08 00:00:00,C1042,Laptop,Electronics,West,1,65000.0,0.05,61750.0
O10572,2025-04-04 00:00:00,C1120,Monitor,Electronics,West,2,18000.0,0.15,30600.0
O10573,2025-04-13 00:00:00,C1040,Phone,Electronics,North,4,30000.0,0.2,96000.0
O10574,2025-08-11 00:00:00,C1169,Keyboard,Accessories,East,2,2500.0,0.15,4250.0
O10575,2025-07-05 00:00:00,C1177,Laptop,Electronics,North,1,65000.0,0.15,55250.0
O10576,2025-07-03 00:00:00,C1167,Tablet,Electronics,West,1,22000.0,0.05,20900.0
O10577,2025-06-11 00:00:00,C1038,Laptop,Electronics,East,5,65000.0,0.1,292500.0
O10578,2025-09-04 00:00:00,C1112,Tablet,Electronics,South,3,22000.0,0.05,62700.0
O10579,2025-01-31 00:00:00,C1150,Monitor,Electronics,East,3,18000.0,0.2,43200.0
O10580,2025-02-21 00:00:00,C1110,Phone,Electronics,West,2,30000.0,0.2,48000.0
O10581,2025-12-11 00:00:00,C1179,Laptop,Electronics,East,4,65000.0,0.2,208000.0
O10582,2025-03-17 00:00:00,C1046,Mouse,Accessories,North,3,1200.0,0.05,3420.0
O10583,2025-10-05 00:00:00,C1062,Keyboard,Accessories,South,5,2500.0,0.15,10625.0
O10584,2025-02-09 00:00:00,C1109,Monitor,Electronics,South,2,18000.0,0.15,30600.0
O10585,2025-04-11 00:00:00,C1068,Laptop,Electronics,South,2,65000.0,0.0,130000.0
O10586,2025-04-21 00:00:00,C1042,Keyboard,Accessories,West,5,2500.0,0.2,10000.0
O10587,2025-11-17 00:00:00,C1175,Laptop,Electronics,West,4,65000.0,0.15,221000.0
O10588,2025-09-06 00:00:00,C1033,Tablet,Electronics,South,5,22000.0,0.0,110000.0
O10589,2025-07-10 00:00:00,C1039,Laptop,Electronics,East,4,65000.0,0.15,221000.0
O10590,2025-07-01 00:00:00,C1060,Mouse,Accessories,South,5,1200.0,0.2,4800.0
O10591,2025-12-01 00:00:00,C1177,Laptop,Electronics,East,5,65000.0,0.1,292500.0
O10592,2025-07-28 00:00:00,C1194,Laptop,Electronics,East,1,65000.0,0.2,52000.0
O10593,2025-01-22 00:00:00,C1061,Mouse,Accessories,West,2,1200.0,0.05,2280.0
O10594,2025-06-15 00:00:00,C1057,Monitor,Electronics,East,5,18000.0,0.15,76500.0
O10595,2025-04-09 00:00:00,C1160,Laptop,Electronics,South,5,65000.0,0.15,276250.0
O10596,2025-07-27 00:00:00,C1074,Mouse,Accessories,West,3,1200.0,0.05,3420.0
O10597,2025-01-08 00:00:00,C1015,Keyboard,Accessories,North,2,2500.0,0.05,4750.0
O10598,2025-07-09 00:00:00,C1081,Tablet,Electronics,North,3,22000.0,0.1,59400.0
O10599,2025-06-24 00:00:00,C1093,Tablet,Electronics,West,2,22000.0,0.15,37400.0
O10600,2025-09-30 00:00:00,C1047,Laptop,Electronics,South,3,65000.0,0.15,165750.0
O10601,2025-01-17 00:00:00,C1137,Monitor,Electronics,North,5,18000.0,0.1,81000.0
O10602,2025-03-31 00:00:00,C1081,Monitor,Electronics,North,5,18000.0,0.0,90000.0
O10603,2025-05-21 00:00:00,C1037,Keyboard,Accessories,East,1,2500.0,0.1,2250.0
O10604,2025-05-25 00:00:00,C1126,Laptop,Electronics,East,3,65000.0,0.2,156000.0
O10605,2025-06-15 00:00:00,C1018,Tablet,Electronics,South,4,22000.0,0.15,74800.0
O10606,2025-12-03 00:00:00,C1163,Monitor,Electronics,West,1,18000.0,0.05,17100.0
O10607,2025-03-19 00:00:00,C1186,Laptop,Electronics,South,3,65000.0,0.2,156000.0
O10608,2025-09-19 00:00:00,C1062,Monitor,Electronics,West,3,18000.0,0.15,45900.0
O10609,2025-06-12 00:00:00,C1076,Mouse,Accessories,North,1,1200.0,0.1,1080.0
O10610,2025-01-14 00:00:00,C1173,Monitor,Electronics,East,5,18000.0,0.2,72000.0
O10611,2025-08-27 00:00:00,C1130,Tablet,Electronics,South,3,22000.0,0.15,56100.0
O10612,2025-03-13 00:00:00,C1101,Phone,Electronics,South,5,30000.0,0.0,150000.0
O10613,2025-05-23 00:00:00,C1064,Keyboard,Accessories,West,1,2500.0,0.0,2500.0
O10614,2025-11-06 00:00:00,C1119,Keyboard,Accessories,West,5,2500.0,0.05,11875.0
O10615,2025-10-10 00:00:00,C1090,Tablet,Electronics,South,2,22000.0,0.15,37400.0
O10616,2025-09-26 00:00:00,C1007,Monitor,Electronics,West,4,18000.0,0.0,72000.0
O10617,2025-08-29 00:00:00,C1178,Laptop,Electronics,South,3,65000.0,0.1,175500.0
O10618,2025-09-02 00:00:00,C1072,Monitor,Electronics,South,4,18000.0,0.15,61200.0
O10619,2025-06-12 00:00:00,C1133,Tablet,Electronics,South,5,22000.0,0.1,99000.0
O10620,2025-03-01 00:00:00,C1106,Keyboard,Accessories,North,0,2500.0,0.1,0.0
O10621,2025-01-06 00:00:00,C1088,Monitor,Electronics,West,5,18000.0,0.0,90000.0
O10622,2025-07-16 00:00:00,C1038,Keyboard,Accessories,East,2,2500.0,0.15,4250.0
O10623,2025-02-27 00:00:00,C1112,Laptop,Electronics,East,1,65000.0,0.2,52000.0
O10624,2025-11-01 00:00:00,C1187,Keyboard,Accessories,West,3,2500.0,0.0,7500.0
O10625,2025-08-05 00:00:00,C1027,Keyboard,Accessories,South,2,2500.0,0.0,5000.0
O10626,2025-01-26 00:00:00,C1096,Phone,Electronics,East,2,30000.0,0.15,51000.0
O10627,2025-10-30 00:00:00,C1181,Phone,Electronics,East,3,30000.0,0.15,76500.0
O10628,2025-01-05 00:00:00,C1036,Mouse,Accessories,West,5,1200.0,0.1,5400.0
O10629,2025-01-20 00:00:00,C1136,Phone,Electronics,East,2,30000.0,0.15,51000.0
O10630,2025-07-17 00:00:00,C1081,Keyboard,Accessories,South,4,2500.0,0.1,9000.0
O10631,2025-02-28 00:00:00,C1055,Tablet,Electronics,West,2,22000.0,0.0,44000.0
O10632,2025-08-30 00:00:00,C1186,Keyboard,Accessories,South,5,2500.0,0.05,11875.0
O10633,2025-05-26 00:00:00,C1084,Tablet,Electronics,East,5,22000.0,0.2,88000.0
O10634,2025-09-30 00:00:00,C1001,Tablet,Electronics,East,4,22000.0,0.0,88000.0
O10635,2025-09-06 00:00:00,C1188,Phone,Electronics,South,2,30000.0,0.15,51000.0
O10636,2025-01-14 00:00:00,C1057,Monitor,Electronics,North,5,18000.0,0.2,72000.0
O10637,2025-01-13 00:00:00,C1106,Laptop,Electronics,East,3,65000.0,0.05,185250.0
O10638,2025-02-13 00:00:00,C1122,Phone,Electronics,North,1,30000.0,0.05,28500.0
O10639,2025-01-19 00:00:00,C1187,Phone,Electronics,East,1,30000.0,0.1,27000.0
O10640,2025-03-04 00:00:00,C1167,Monitor,Electronics,North,1,18000.0,0.2,14400.0
O10641,2025-08-27 00:00:00,C1163,Laptop,Electronics,North,2,65000.0,0.1,117000.0
O10642,2025-12-03 00:00:00,C1113,Keyboard,Accessories,North,4,2500.0,0.0,10000.0
O10643,2025-04-10 00:00:00,C1106,Mouse,Accessories,South,5,1200.0,0.2,4800.0
O10644,2025-06-12 00:00:00,C1036,Mouse,Accessories,North,3,1200.0,0.0,3600.0
O10645,2025-05-02 00:00:00,C1078,Keyboard,Accessories,North,3,2500.0,0.1,6750.0
O10646,2025-02-13 00:00:00,C1091,Phone,Electronics,North,2,30000.0,0.2,48000.0
O10647,2025-12-26 00:00:00,C1017,Laptop,Electronics,East,1,65000.0,0.1,58500.0
O10648,2025-11-13 00:00:00,C1097,Phone,Electronics,North,2,30000.0,0.2,48000.0
O10649,2025-05-25 00:00:00,C1062,Tablet,Electronics,East,4,22000.0,0.1,79200.0
O10650,2025-11-23 00:00:00,C1149,Phone,Electronics,North,4,30000.0,0.05,114000.0
O10651,2025-12-29 00:00:00,C1138,Phone,Electronics,North,5,30000.0,0.1,135000.0
O10652,2025-02-19 00:00:00,C1185,Keyboard,Accessories,South,5,2500.0,0.05,11875.0
O10653,2025-03-06 00:00:00,C1184,Keyboard,Accessories,East,4,2500.0,0.1,9000.0
O10654,2025-12-21 00:00:00,C1003,Keyboard,Accessories,North,4,2500.0,0.2,8000.0
O10655,2025-10-15 00:00:00,C1134,Mouse,Accessories,East,4,1200.0,0.2,3840.0
O10656,2025-06-13 00:00:00,C1060,Tablet,Electronics,East,2,22000.0,0.2,35200.0
O10657,2025-05-21 00:00:00,C1106,Keyboard,Accessories,West,4,2500.0,0.15,8500.0
O10658,2025-11-10 00:00:00,C1053,Laptop,Electronics,South,3,65000.0,0.0,195000.0
O10659,2025-05-08 00:00:00,C1087,Mouse,Accessories,South,1,1200.0,0.2,960.0
O10660,2025-08-27 00:00:00,C1067,Monitor,Electronics,South,4,18000.0,0.05,68400.0
O10661,2025-11-20 00:00:00,C1128,Laptop,Electronics,West,1,65000.0,0.2,52000.0
O10662,2025-10-23 00:00:00,C1054,Laptop,Electronics,West,2,65000.0,0.15,110500.0
O10663,2025-07-06 00:00:00,C1002,Keyboard,Accessories,South,1,2500.0,0.05,2375.0
O10664,2025-07-27 00:00:00,C1165,Monitor,Electronics,West,2,18000.0,0.15,30600.0
O10665,2025-08-08 00:00:00,C1120,Monitor,Electronics,West,3,18000.0,0.05,51300.0
O10666,2025-07-09 00:00:00,C1128,Mouse,Accessories,West,2,1200.0,0.1,2160.0
O10667,2025-12-12 00:00:00,C1101,Monitor,Electronics,South,2,18000.0,0.0,36000.0
O10668,2025-10-11 00:00:00,C1037,Tablet,Electronics,South,5,22000.0,0.0,110000.0
O10669,2025-12-18 00:00:00,C1084,Keyboard,Accessories,South,4,2500.0,0.15,8500.0
O10670,2025-08-25 00:00:00,C1156,Monitor,Electronics,West,4,18000.0,0.0,72000.0
O10671,2025-07-13 00:00:00,C1132,Mouse,Accessories,South,3,1200.0,0.15,3060.0
O10672,2025-10-14 00:00:00,C1091,Tablet,Electronics,West,3,22000.0,0.15,56100.0
O10673,2025-09-16 00:00:00,C1020,Phone,Electronics,North,4,30000.0,0.15,102000.0
O10674,2025-09-03 00:00:00,C1198,Phone,Electronics,West,5,30000.0,0.0,150000.0
O10675,2025-05-16 00:00:00,C1194,Tablet,Electronics,East,4,22000.0,0.15,74800.0
O10676,2025-10-07 00:00:00,C1108,Mouse,Accessories,South,5,1200.0,0.0,6000.0
O10677,2025-09-28 00:00:00,C1046,Tablet,Electronics,South,3,22000.0,0.15,56100.0
O10678,2025-06-20 00:00:00,C1083,Keyboard,Accessories,East,1,2500.0,0.2,2000.0
O10679,2025-06-08 00:00:00,C1082,Keyboard,Accessories,West,3,2500.0,0.15,6375.0
O10680,2025-07-20 00:00:00,C1034,Phone,Electronics,North,3,30000.0,0.05,85500.0
O10681,2025-02-14 00:00:00,C1195,Monitor,Electronics,East,2,18000.0,0.15,30600.0
O10682,2025-09-21 00:00:00,C1068,Mouse,Accessories,East,2,1200.0,0.1,2160.0
O10683,2025-03-12 00:00:00,C1128,Phone,Electronics,West,2,30000.0,0.15,51000.0
O10684,2025-12-30 00:00:00,C1195,Monitor,Electronics,South,2,18000.0,0.05,34200.0
O10685,2025-04-13 00:00:00,C1139,Monitor,Electronics,West,5,18000.0,0.05,85500.0
O10686,2025-05-05 00:00:00,C1187,Keyboard,Accessories,East,4,2500.0,0.0,10000.0
O10687,2025-11-09 00:00:00,C1026,Laptop,Electronics,East,1,65000.0,0.2,52000.0
O10688,2025-10-13 00:00:00,C1055,Laptop,Electronics,South,3,65000.0,0.15,165750.0
O10689,2025-08-18 00:00:00,C1022,Tablet,Electronics,South,5,22000.0,0.0,110000.0
O10690,2025-05-26 00:00:00,C1152,Keyboard,Accessories,South,1,2500.0,0.2,2000.0
O10691,2025-07-16 00:00:00,C1020,Monitor,Electronics,West,5,18000.0,0.15,76500.0
O10692,2025-08-09 00:00:00,C1060,Mouse,Accessories,South,5,1200.0,0.1,5400.0
O10693,2025-03-01 00:00:00,C1062,Laptop,Electronics,East,3,65000.0,0.15,165750.0
O10694,2025-04-08 00:00:00,C1121,Monitor,Electronics,East,4,18000.0,0.05,68400.0
O10695,2025-06-20 00:00:00,C1051,Laptop,Electronics,North,2,65000.0,0.05,123500.0
O10696,2025-06-22 00:00:00,C1087,Laptop,Electronics,West,4,65000.0,0.1,234000.0
O10697,2025-05-31 00:00:00,C1152,Laptop,Electronics,North,3,65000.0,0.0,195000.0
O10698,2025-12-16 00:00:00,C1054,Mouse,Accessories,East,3,1200.0,0.2,2880.0
O10699,2025-05-02 00:00:00,C1045,Keyboard,Accessories,North,3,2500.0,0.15,6375.0
O10700,2025-04-18 00:00:00,,Mouse,Accessories,East,1,1200.0,0.05,1140.0
O10701,2025-01-04 00:00:00,C1054,Phone,Electronics,North,4,30000.0,0.0,120000.0
O10702,2025-04-03 00:00:00,C1095,Monitor,Electronics,South,4,18000.0,0.1,64800.0
O10703,2025-01-06 00:00:00,C1132,Keyboard,Accessories,North,5,2500.0,0.05,11875.0
O10704,2025-10-15 00:00:00,C1035,Keyboard,Accessories,South,5,2500.0,0.1,11250.0
O10705,2025-04-16 00:00:00,C1109,Keyboard,Accessories,South,5,2500.0,0.15,10625.0
O10706,2025-05-26 00:00:00,C1176,Keyboard,Accessories,West,3,2500.0,0.2,6000.0
O10707,2025-09-28 00:00:00,C1105,Mouse,Accessories,South,4,1200.0,0.05,4560.0
O10708,2025-04-06 00:00:00,C1057,Keyboard,Accessories,South,3,2500.0,0.05,7125.0
O10709,2025-08-17 00:00:00,C1038,Tablet,Electronics,North,1,22000.0,0.15,18700.0
O10710,2025-07-21 00:00:00,C1079,Monitor,Electronics,East,5,18000.0,0.0,90000.0
O10711,2025-07-31 00:00:00,C1096,Keyboard,Accessories,West,3,2500.0,0.2,6000.0
O10712,2025-01-06 00:00:00,C1112,Monitor,Electronics,South,3,18000.0,0.05,51300.0
O10713,2025-04-22 00:00:00,C1060,Tablet,Electronics,West,1,22000.0,0.2,17600.0
O10714,2025-11-19 00:00:00,C1136,Tablet,Electronics,North,2,22000.0,0.05,41800.0
O10715,2025-04-16 00:00:00,C1005,Monitor,Electronics,South,4,18000.0,0.2,57600.0
O10716,2025-05-19 00:00:00,C1108,Laptop,Electronics,North,2,65000.0,0.1,117000.0
O10717,2025-10-26 00:00:00,C1034,Phone,Electronics,West,5,30000.0,0.05,142500.0
O10718,2025-04-06 00:00:00,C1038,Laptop,Electronics,North,3,65000.0,0.2,156000.0
O10719,2025-12-03 00:00:00,C1149,Laptop,Electronics,West,1,65000.0,0.0,65000.0
O10720,2025-10-24 00:00:00,C1168,Mouse,Accessories,North,1,1200.0,0.1,1080.0
O10721,2025-08-02 00:00:00,C1117,Laptop,Electronics,West,4,65000.0,0.1,234000.0
O10722,2025-10-18 00:00:00,C1004,Keyboard,Accessories,East,2,2500.0,0.0,5000.0
O10723,2025-01-22 00:00:00,C1169,Mouse,Accessories,North,4,1200.0,0.2,3840.0
O10724,2025-07-12 00:00:00,C1086,Mouse,Accessories,North,3,1200.0,0.15,3060.0
O10725,2025-05-30 00:00:00,C1075,Tablet,Electronics,East,4,22000.0,0.0,88000.0
O10726,2025-09-04 00:00:00,C1194,Laptop,Electronics,East,1,65000.0,0.2,52000.0
O10727,2025-09-24 00:00:00,C1157,Tablet,Electronics,North,1,22000.0,0.0,22000.0
O10728,2025-09-08 00:00:00,C1056,Monitor,Electronics,East,5,18000.0,0.0,90000.0
O10729,2025-01-03 00:00:00,C1126,Phone,Electronics,South,5,30000.0,0.05,142500.0
O10730,2025-11-12 00:00:00,C1028,Mouse,Accessories,West,3,1200.0,0.2,2880.0
O10731,2025-03-17 00:00:00,C1164,Monitor,Electronics,West,2,18000.0,0.15,30600.0
O10732,2025-03-28 00:00:00,C1086,Monitor,Electronics,West,4,18000.0,0.05,68400.0
O10733,2025-09-27 00:00:00,C1140,Keyboard,Accessories,South,3,2500.0,0.0,7500.0
O10734,2025-08-13 00:00:00,C1159,Phone,Electronics,East,5,30000.0,0.0,150000.0
O10735,2025-01-18 00:00:00,C1045,Monitor,Electronics,East,4,18000.0,0.0,72000.0
O10736,2025-04-23 00:00:00,C1115,Monitor,Electronics,North,5,18000.0,0.2,72000.0
O10737,2025-09-08 00:00:00,C1111,Phone,Electronics,East,4,30000.0,0.2,96000.0
O10738,2025-08-21 00:00:00,C1150,Phone,Electronics,North,2,30000.0,0.05,57000.0
O10739,2025-11-25 00:00:00,C1044,Monitor,Electronics,South,3,18000.0,0.15,45900.0
O10740,2025-10-06 00:00:00,C1144,Phone,Electronics,West,4,30000.0,0.05,114000.0
O10741,2025-07-21 00:00:00,C1103,Monitor,Electronics,West,1,18000.0,0.1,16200.0
O10742,2025-03-24 00:00:00,C1084,Monitor,Electronics,West,1,18000.0,0.0,18000.0
O10743,2025-05-05 00:00:00,C1193,Keyboard,Accessories,East,4,2500.0,0.0,10000.0
O10744,2025-06-24 00:00:00,C1133,Laptop,Electronics,North,4,65000.0,0.0,260000.0
O10745,2025-03-10 00:00:00,C1107,Monitor,Electronics,North,4,18000.0,0.05,68400.0
O10746,2025-02-16 00:00:00,C1017,Tablet,Electronics,South,1,22000.0,0.05,20900.0
O10747,2025-09-13 00:00:00,C1093,Mouse,Accessories,East,1,1200.0,0.0,1200.0
O10748,2025-08-03 00:00:00,C1149,Laptop,Electronics,South,4,65000.0,0.05,247000.0
O10749,2025-01-30 00:00:00,C1032,Laptop,Electronics,North,5,65000.0,0.2,260000.0
O10750,2025-10-08 00:00:00,C1157,Laptop,Electronics,North,5,65000.0,0.2,260000.0
O10751,2025-08-25 00:00:00,C1125,Keyboard,Accessories,West,2,2500.0,0.05,4750.0
O10752,2025-09-05 00:00:00,C1159,Monitor,Electronics,East,3,18000.0,0.0,54000.0
O10753,2025-01-25 00:00:00,C1169,Keyboard,Accessories,North,5,2500.0,0.05,11875.0
O10754,2025-03-15 00:00:00,C1121,Monitor,Electronics,West,1,18000.0,0.05,17100.0
O10755,2025-07-25 00:00:00,C1137,Keyboard,Accessories,East,5,2500.0,0.05,11875.0
O10756,2025-11-10 00:00:00,C1114,Keyboard,Accessories,South,2,2500.0,0.1,4500.0
O10757,2025-04-04 00:00:00,C1163,Mouse,Accessories,East,2,1200.0,0.2,1920.0
O10758,2025-05-07 00:00:00,C1161,Tablet,Electronics,East,3,22000.0,0.15,56100.0
O10759,2025-01-25 00:00:00,C1027,Keyboard,Accessories,North,5,2500.0,0.15,10625.0
O10760,2025-11-30 00:00:00,C1010,Mouse,Accessories,North,1,1200.0,0.1,1080.0
O10761,2025-12-21 00:00:00,C1166,Phone,Electronics,East,1,30000.0,0.05,28500.0
O10762,2025-04-26 00:00:00,C1046,Tablet,Electronics,North,4,22000.0,0.1,79200.0
O10763,2025-02-17 00:00:00,C1126,Keyboard,Accessories,North,1,2500.0,0.1,2250.0
O10764,2025-08-14 00:00:00,C1146,Laptop,Electronics,North,3,65000.0,0.0,195000.0
O10765,2025-09-23 00:00:00,C1117,Phone,Electronics,West,3,30000.0,0.2,72000.0
O10766,2025-04-09 00:00:00,C1142,Phone,Electronics,West,1,30000.0,0.15,25500.0
O10767,2025-01-11 00:00:00,C1125,Mouse,Accessories,East,1,1200.0,0.05,1140.0
O10768,2025-03-26 00:00:00,C1155,Phone,Electronics,North,4,30000.0,0.15,102000.0
O10769,2025-08-02 00:00:00,C1151,Tablet,Electronics,West,1,22000.0,0.15,18700.0
O10770,2025-06-22 00:00:00,C1071,Keyboard,Accessories,East,4,2500.0,0.2,8000.0
O10771,2025-07-28 00:00:00,C1106,Keyboard,Accessories,North,4,2500.0,0.15,8500.0
O10772,2025-03-05 00:00:00,C1136,Laptop,Electronics,South,1,65000.0,0.15,55250.0
O10773,2025-09-15 00:00:00,C1174,Mouse,Accessories,North,2,1200.0,0.1,2160.0
O10774,2025-11-28 00:00:00,C1032,Laptop,Electronics,North,2,65000.0,0.2,104000.0
O10775,2025-05-01 00:00:00,C1189,Phone,Electronics,West,4,30000.0,0.0,120000.0
O10776,2025-10-25 00:00:00,C1018,Laptop,Electronics,East,1,65000.0,0.05,61750.0
O10777,2025-02-23 00:00:00,C1194,Tablet,Electronics,East,2,22000.0,0.15,37400.0
O10778,2025-11-27 00:00:00,C1073,Keyboard,Accessories,West,1,2500.0,0.05,2375.0
O10779,2025-09-29 00:00:00,C1167,Phone,Electronics,North,1,30000.0,0.0,30000.0
O10780,2025-08-29 00:00:00,C1174,Laptop,Electronics,South,1,65000.0,0.05,61750.0
O10781,2025-08-31 00:00:00,C1192,Mouse,Accessories,North,5,1200.0,0.0,6000.0
O10782,2025-01-18 00:00:00,C1156,Tablet,Electronics,North,1,22000.0,0.1,19800.0
O10783,2025-07-06 00:00:00,C1177,Tablet,Electronics,South,5,22000.0,0.15,93500.0
O10784,2025-12-12 00:00:00,C1097,Laptop,Electronics,West,4,65000.0,0.0,260000.0
O10785,2025-05-24 00:00:00,C1140,Keyboard,Accessories,East,2,2500.0,0.05,4750.0
O10786,2025-09-19 00:00:00,C1128,Laptop,Electronics,West,2,65000.0,0.15,110500.0
O10787,2025-12-30 00:00:00,C1161,Phone,Electronics,West,2,30000.0,0.1,54000.0
O10788,2025-08-27 00:00:00,C1092,Laptop,Electronics,North,2,65000.0,0.15,110500.0
O10789,2025-10-31 00:00:00,C1175,Tablet,Electronics,East,2,22000.0,0.0,44000.0
O10790,2025-10-25 00:00:00,C1047,Laptop,Electronics,East,2,65000.0,0.1,117000.0
O10791,2025-03-17 00:00:00,C1176,Keyboard,Accessories,West,2,2500.0,0.05,4750.0
O10792,2025-07-07 00:00:00,C1063,Mouse,Accessories,South,4,1200.0,0.1,4320.0
O10793,2025-11-29 00:00:00,C1060,Monitor,Electronics,West,1,18000.0,0.1,16200.0
O10794,2025-09-03 00:00:00,C1156,Laptop,Electronics,South,3,65000.0,0.2,156000.0
O10795,2025-05-10 00:00:00,C1038,Keyboard,Accessories,East,5,2500.0,0.1,11250.0
O10796,2025-11-11 00:00:00,C1127,Keyboard,Accessories,West,3,2500.0,0.1,6750.0
O10797,2025-10-10 00:00:00,C1087,Mouse,Accessories,North,3,1200.0,0.15,3060.0
O10798,2025-03-20 00:00:00,C1025,Tablet,Electronics,West,1,22000.0,0.05,20900.0
O10799,2025-03-13 00:00:00,C1016,Keyboard,Accessories,East,1,2500.0,0.15,2125.0
O10800,2025-09-20 00:00:00,C1070,Keyboard,electronics,North,1,2500.0,0.15,2125.0
O10801,2025-07-10 00:00:00,C1012,Keyboard,Accessories,North,2,2500.0,0.0,5000.0
O10802,2025-03-04 00:00:00,C1068,Keyboard,Accessories,South,4,2500.0,0.15,8500.0
O10803,2025-01-12 00:00:00,C1025,Phone,Electronics,North,2,30000.0,0.2,48000.0
O10804,2025-05-21 00:00:00,C1048,Phone,Electronics,North,4,30000.0,0.2,96000.0
O10805,2025-09-11 00:00:00,C1194,Tablet,Electronics,West,4,22000.0,0.0,88000.0
O10806,2025-02-12 00:00:00,C1006,Laptop,Electronics,East,3,65000.0,0.05,185250.0
O10807,2025-01-17 00:00:00,C1057,Keyboard,Accessories,South,3,2500.0,0.05,7125.0
O10808,2025-03-04 00:00:00,C1048,Mouse,Accessories,West,4,1200.0,0.15,4080.0
O10809,2025-09-10 00:00:00,C1102,Laptop,Electronics,North,4,65000.0,0.15,221000.0
O10810,2025-10-19 00:00:00,C1052,Mouse,Accessories,North,2,1200.0,0.15,2040.0
O10811,2025-01-08 00:00:00,C1192,Laptop,Electronics,South,2,65000.0,0.05,123500.0
O10812,2025-11-21 00:00:00,C1061,Tablet,Electronics,East,3,22000.0,0.1,59400.0
O10813,2025-03-31 00:00:00,C1016,Keyboard,Accessories,South,1,2500.0,0.2,2000.0
O10814,2025-07-27 00:00:00,C1170,Keyboard,Accessories,West,4,2500.0,0.1,9000.0
O10815,2025-10-19 00:00:00,C1024,Monitor,Electronics,South,2,18000.0,0.1,32400.0
O10816,2025-10-11 00:00:00,C1130,Mouse,Accessories,North,3,1200.0,0.05,3420.0
O10817,2025-04-28 00:00:00,C1028,Laptop,Electronics,West,2,65000.0,0.1,117000.0
O10818,2025-12-15 00:00:00,C1116,Laptop,Electronics,North,4,65000.0,0.0,260000.0
O10819,2025-06-24 00:00:00,C1159,Phone,Electronics,East,4,30000.0,0.15,102000.0
O10820,2025-03-17 00:00:00,C1025,Monitor,Electronics,North,5,18000.0,0.0,90000.0
O10821,2025-04-11 00:00:00,C1123,Phone,Electronics,North,1,30000.0,0.2,24000.0
O10822,2025-05-31 00:00:00,C1143,Phone,Electronics,South,5,30000.0,0.15,127500.0
O10823,2025-09-27 00:00:00,C1024,Phone,Electronics,North,3,30000.0,0.1,81000.0
O10824,2025-03-12 00:00:00,C1053,Mouse,Accessories,West,2,1200.0,0.2,1920.0
O10825,2025-06-29 00:00:00,C1155,Mouse,Accessories,West,3,1200.0,0.15,3060.0
O10826,2025-05-04 00:00:00,C1072,Tablet,Electronics,East,4,22000.0,0.1,79200.0
O10827,2025-10-20 00:00:00,C1119,Tablet,Electronics,West,5,22000.0,0.0,110000.0
O10828,2025-10-12 00:00:00,C1055,Phone,Electronics,South,5,30000.0,0.15,127500.0
O10829,2025-07-14 00:00:00,C1064,Monitor,Electronics,East,5,18000.0,0.1,81000.0
O10830,2025-08-16 00:00:00,C1092,Laptop,Electronics,West,3,65000.0,0.0,195000.0
O10831,2025-10-02 00:00:00,C1085,Mouse,Accessories,South,4,1200.0,0.2,3840.0
O10832,2025-04-16 00:00:00,C1079,Monitor,Electronics,West,2,18000.0,0.2,28800.0
O10833,2025-01-21 00:00:00,C1168,Keyboard,Accessories,West,2,2500.0,0.2,4000.0
O10834,2025-03-05 00:00:00,C1107,Mouse,Accessories,North,3,1200.0,0.2,2880.0
O10835,2025-06-14 00:00:00,C1178,Mouse,Accessories,West,5,1200.0,0.05,5700.0
O10836,2025-01-27 00:00:00,C1117,Tablet,Electronics,West,1,22000.0,0.15,18700.0
O10837,2025-11-07 00:00:00,C1198,Laptop,Electronics,South,3,65000.0,0.15,165750.0
O10838,2025-10-12 00:00:00,C1156,Laptop,Electronics,South,3,65000.0,0.05,185250.0
O10839,2025-05-28 00:00:00,C1082,Keyboard,Accessories,North,4,2500.0,0.1,9000.0
O10840,2025-10-08 00:00:00,C1146,Keyboard,Accessories,West,2,2500.0,0.1,4500.0
O10841,2025-11-22 00:00:00,C1193,Mouse,Accessories,North,3,1200.0,0.2,2880.0
O10842,2025-11-15 00:00:00,C1168,Phone,Electronics,West,3,30000.0,0.0,90000.0
O10843,2025-06-13 00:00:00,C1172,Tablet,Electronics,East,5,22000.0,0.1,99000.0
O10844,2025-08-12 00:00:00,C1014,Tablet,Electronics,East,5,22000.0,0.0,110000.0
O10845,2025-09-29 00:00:00,C1130,Mouse,Accessories,North,1,1200.0,0.15,1020.0
O10846,2025-05-26 00:00:00,C1138,Monitor,Electronics,North,4,18000.0,0.0,72000.0
O10847,2025-12-22 00:00:00,C1180,Phone,Electronics,North,1,30000.0,0.15,25500.0
O10848,2025-01-30 00:00:00,C1173,Mouse,Accessories,South,5,1200.0,0.05,5700.0
O10849,2025-02-14 00:00:00,C1029,Phone,Electronics,South,2,30000.0,0.05,57000.0
O10850,2025-10-02 00:00:00,C1056,Phone,Electronics,South,5,30000.0,0.2,120000.0
O10851,2025-02-03 00:00:00,C1145,Phone,Electronics,North,4,30000.0,0.1,108000.0
O10852,2025-05-21 00:00:00,C1178,Mouse,Accessories,West,5,1200.0,0.2,4800.0
O10853,2025-11-14 00:00:00,C1127,Tablet,Electronics,East,4,22000.0,0.15,74800.0
O10854,2025-08-09 00:00:00,C1047,Tablet,Electronics,North,4,22000.0,0.2,70400.0
O10855,2025-12-22 00:00:00,C1193,Phone,Electronics,South,4,30000.0,0.0,120000.0
O10856,2025-01-22 00:00:00,C1135,Monitor,Electronics,South,4,18000.0,0.15,61200.0
O10857,2025-06-29 00:00:00,C1021,Laptop,Electronics,North,4,65000.0,0.05,247000.0
O10858,2025-11-25 00:00:00,C1005,Mouse,Accessories,North,2,1200.0,0.1,2160.0
O10859,2025-08-19 00:00:00,C1184,Laptop,Electronics,South,1,65000.0,0.15,55250.0
O10860,2025-02-07 00:00:00,C1103,Monitor,Electronics,West,3,18000.0,0.15,45900.0
O10861,2025-03-11 00:00:00,C1035,Mouse,Accessories,South,1,1200.0,0.0,1200.0
O10862,2025-04-26 00:00:00,C1078,Phone,Electronics,South,4,30000.0,0.1,108000.0
O10863,2025-08-27 00:00:00,C1115,Tablet,Electronics,North,2,22000.0,0.05,41800.0
O10864,2025-12-01 00:00:00,C1056,Laptop,Electronics,West,5,65000.0,0.15,276250.0
O10865,2025-05-28 00:00:00,C1048,Keyboard,Accessories,South,2,2500.0,0.15,4250.0
O10866,2025-01-09 00:00:00,C1172,Keyboard,Accessories,South,4,2500.0,0.0,10000.0
O10867,2025-10-15 00:00:00,C1081,Monitor,Electronics,East,2,18000.0,0.2,28800.0
O10868,2025-02-19 00:00:00,C1065,Phone,Electronics,North,2,30000.0,0.05,57000.0
O10869,2025-12-04 00:00:00,C1076,Laptop,Electronics,East,4,65000.0,0.1,234000.0
O10870,2025-01-05 00:00:00,C1044,Phone,Electronics,East,2,30000.0,0.15,51000.0
O10871,2025-12-09 00:00:00,C1078,Laptop,Electronics,South,3,65000.0,0.15,165750.0
O10872,2025-05-06 00:00:00,C1019,Monitor,Electronics,North,3,18000.0,0.05,51300.0
O10873,2025-03-16 00:00:00,C1191,Monitor,Electronics,West,2,18000.0,0.2,28800.0
O10874,2025-06-14 00:00:00,C1122,Keyboard,Accessories,South,5,2500.0,0.15,10625.0
O10875,2025-10-05 00:00:00,C1066,Phone,Electronics,West,4,30000.0,0.05,114000.0
O10876,2025-11-20 00:00:00,C1082,Mouse,Accessories,West,3,1200.0,0.0,3600.0
O10877,2025-10-27 00:00:00,C1002,Keyboard,Accessories,North,5,2500.0,0.2,10000.0
O10878,2025-10-17 00:00:00,C1181,Phone,Electronics,East,2,30000.0,0.1,54000.0
O10879,2025-03-18 00:00:00,C1063,Keyboard,Accessories,North,5,2500.0,0.15,10625.0
O10880,2025-10-25 00:00:00,C1039,Mouse,Accessories,West,1,1200.0,0.05,1140.0
O10881,2025-05-17 00:00:00,C1058,Tablet,Electronics,South,3,22000.0,0.0,66000.0
O10882,2025-04-16 00:00:00,C1182,Tablet,Electronics,West,2,22000.0,0.1,39600.0
O10883,2025-04-05 00:00:00,C1061,Tablet,Electronics,South,4,22000.0,0.05,83600.0
O10884,2025-05-15 00:00:00,C1131,Tablet,Electronics,South,2,22000.0,0.05,41800.0
O10885,2025-03-09 00:00:00,C1059,Laptop,Electronics,North,4,65000.0,0.1,234000.0
O10886,2025-05-27 00:00:00,C1115,Tablet,Electronics,West,2,22000.0,0.0,44000.0
O10887,2025-06-08 00:00:00,C1074,Mouse,Accessories,East,5,1200.0,0.0,6000.0
O10888,2025-06-12 00:00:00,C1121,Monitor,Electronics,West,5,18000.0,0.2,72000.0
O10889,2025-12-07 00:00:00,C1106,Monitor,Electronics,West,5,18000.0,0.15,76500.0
O10890,2025-07-08 00:00:00,C1095,Laptop,Electronics,East,1,65000.0,0.1,58500.0
O10891,2025-12-05 00:00:00,C1090,Tablet,Electronics,North,4,22000.0,0.1,79200.0
O10892,2025-04-05 00:00:00,C1157,Tablet,Electronics,West,5,22000.0,0.1,99000.0
O10893,2025-06-30 00:00:00,C1129,Tablet,Electronics,West,1,22000.0,0.0,22000.0
O10894,2025-10-15 00:00:00,C1061,Keyboard,Accessories,South,4,2500.0,0.15,8500.0
O10895,2025-11-18 00:00:00,C1048,Phone,Electronics,West,2,30000.0,0.2,48000.0
O10896,2025-07-06 00:00:00,C1136,Keyboard,Accessories,East,1,2500.0,0.05,2375.0
O10897,2025-05-18 00:00:00,C1091,Phone,Electronics,South,3,30000.0,0.05,85500.0
O10898,2025-05-10 00:00:00,C1158,Tablet,Electronics,North,1,22000.0,0.1,19800.0
O10899,2025-07-13 00:00:00,C1123,Tablet,Electronics,South,1,22000.0,0.15,18700.0
O10900,2025-11-12 00:00:00,C1060,Laptop ,Accessories,East,4,2500.0,0.0,10000.0
O10901,2025-09-30 00:00:00,C1047,Keyboard,Accessories,East,2,2500.0,0.15,4250.0
O10902,2025-12-18 00:00:00,C1152,Phone,Electronics,South,3,30000.0,0.15,76500.0
O10903,2025-05-24 00:00:00,C1163,Monitor,Electronics,North,5,18000.0,0.0,90000.0
O10904,2025-01-16 00:00:00,C1135,Phone,Electronics,South,5,30000.0,0.1,135000.0
O10905,2025-10-29 00:00:00,C1057,Keyboard,Accessories,North,1,2500.0,0.15,2125.0
O10906,2025-09-02 00:00:00,C1100,Mouse,Accessories,South,4,1200.0,0.05,4560.0
O10907,2025-04-17 00:00:00,C1111,Keyboard,Accessories,East,4,2500.0,0.0,10000.0
O10908,2025-03-29 00:00:00,C1172,Mouse,Accessories,West,5,1200.0,0.2,4800.0
O10909,2025-05-09 00:00:00,C1061,Laptop,Electronics,West,3,65000.0,0.1,175500.0
O10910,2025-12-07 00:00:00,C1038,Keyboard,Accessories,North,2,2500.0,0.0,5000.0
O10911,2025-01-04 00:00:00,C1057,Laptop,Electronics,North,3,65000.0,0.2,156000.0
O10912,2025-11-23 00:00:00,C1098,Monitor,Electronics,North,2,18000.0,0.2,28800.0
O10913,2025-11-02 00:00:00,C1191,Phone,Electronics,East,5,30000.0,0.15,127500.0
O10914,2025-04-05 00:00:00,C1043,Mouse,Accessories,South,2,1200.0,0.15,2040.0
O10915,2025-07-28 00:00:00,C1028,Phone,Electronics,East,4,30000.0,0.15,102000.0
O10916,2025-08-13 00:00:00,C1058,Laptop,Electronics,West,1,65000.0,0.0,65000.0
O10917,2025-12-14 00:00:00,C1070,Mouse,Accessories,North,1,1200.0,0.0,1200.0
O10918,2025-11-17 00:00:00,C1091,Phone,Electronics,South,5,30000.0,0.1,135000.0
O10919,2025-02-16 00:00:00,C1008,Keyboard,Accessories,West,4,2500.0,0.15,8500.0
O10920,2025-06-30 00:00:00,C1126,Tablet,Electronics,West,3,22000.0,0.2,52800.0
O10921,2025-04-16 00:00:00,C1133,Laptop,Electronics,West,4,65000.0,0.05,247000.0
O10922,2025-07-18 00:00:00,C1156,Phone,Electronics,East,1,30000.0,0.1,27000.0
O10923,2025-04-16 00:00:00,C1185,Laptop,Electronics,North,1,65000.0,0.0,65000.0
O10924,2025-10-07 00:00:00,C1144,Laptop,Electronics,West,4,65000.0,0.1,234000.0
O10925,2025-09-17 00:00:00,C1143,Mouse,Accessories,North,4,1200.0,0.1,4320.0
O10926,2025-04-18 00:00:00,C1130,Mouse,Accessories,East,1,1200.0,0.1,1080.0
O10927,2025-01-19 00:00:00,C1020,Tablet,Electronics,West,3,22000.0,0.1,59400.0
O10928,2025-10-23 00:00:00,C1063,Keyboard,Accessories,East,5,2500.0,0.05,11875.0
O10929,2025-11-02 00:00:00,C1089,Laptop,Electronics,East,5,65000.0,0.15,276250.0
O10930,2025-06-20 00:00:00,C1035,Phone,Electronics,North,4,30000.0,0.2,96000.0
O10931,2025-11-27 00:00:00,C1061,Monitor,Electronics,West,5,18000.0,0.1,81000.0
O10932,2025-07-14 00:00:00,C1169,Laptop,Electronics,East,1,65000.0,0.1,58500.0
O10933,2025-01-12 00:00:00,C1075,Laptop,Electronics,West,1,65000.0,0.1,58500.0
O10934,2025-07-14 00:00:00,C1169,Tablet,Electronics,North,4,22000.0,0.15,74800.0
O10935,2025-10-10 00:00:00,C1188,Keyboard,Accessories,East,4,2500.0,0.0,10000.0
O10936,2025-07-01 00:00:00,C1012,Monitor,Electronics,North,4,18000.0,0.0,72000.0
O10937,2025-11-01 00:00:00,C1010,Mouse,Accessories,West,3,1200.0,0.05,3420.0
O10938,2025-05-24 00:00:00,C1053,Mouse,Accessories,West,5,1200.0,0.0,6000.0
O10939,2025-11-12 00:00:00,C1015,Phone,Electronics,North,4,30000.0,0.1,108000.0
O10940,2025-07-01 00:00:00,C1007,Monitor,Electronics,South,2,18000.0,0.1,32400.0
O10941,2025-01-30 00:00:00,C1103,Mouse,Accessories,East,2,1200.0,0.1,2160.0
O10942,2025-03-25 00:00:00,C1058,Phone,Electronics,West,1,30000.0,0.05,28500.0
O10943,2025-06-15 00:00:00,C1056,Keyboard,Accessories,West,5,2500.0,0.1,11250.0
O10944,2025-10-11 00:00:00,C1039,Phone,Electronics,East,4,30000.0,0.0,120000.0
O10945,2025-10-08 00:00:00,C1186,Mouse,Accessories,North,2,1200.0,0.15,2040.0
O10946,2025-04-06 00:00:00,C1129,Tablet,Electronics,North,5,22000.0,0.15,93500.0
O10947,2025-09-23 00:00:00,C1093,Tablet,Electronics,North,1,22000.0,0.2,17600.0
O10948,2025-10-25 00:00:00,C1137,Tablet,Electronics,South,3,22000.0,0.0,66000.0
O10949,2025-10-23 00:00:00,C1043,Mouse,Accessories,South,5,1200.0,0.1,5400.0
O10950,2025-08-13 00:00:00,C1138,Tablet,Electronics,West,5,22000.0,0.15,93500.0
O10951,2025-11-29 00:00:00,C1079,Monitor,Electronics,North,3,18000.0,0.0,54000.0
O10952,2025-12-27 00:00:00,C1080,Keyboard,Accessories,East,5,2500.0,0.15,10625.0
O10953,2025-02-11 00:00:00,C1001,Phone,Electronics,West,1,30000.0,0.1,27000.0
O10954,2025-10-30 00:00:00,C1177,Phone,Electronics,East,1,30000.0,0.15,25500.0
O10955,2025-09-03 00:00:00,C1139,Mouse,Accessories,West,3,1200.0,0.2,2880.0
O10956,2025-07-27 00:00:00,C1114,Tablet,Electronics,South,4,22000.0,0.2,70400.0
O10957,2025-08-25 00:00:00,C1089,Tablet,Electronics,West,2,22000.0,0.15,37400.0
O10958,2025-01-22 00:00:00,C1022,Laptop,Electronics,South,4,65000.0,0.0,260000.0
O10959,2025-07-04 00:00:00,C1145,Keyboard,Accessories,West,5,2500.0,0.0,12500.0
O10960,2025-08-30 00:00:00,C1061,Monitor,Electronics,North,2,18000.0,0.0,36000.0
O10961,2025-12-29 00:00:00,C1112,Phone,Electronics,East,3,30000.0,0.15,76500.0
O10962,2025-10-10 00:00:00,C1127,Laptop,Electronics,North,3,65000.0,0.0,195000.0
O10963,2025-02-10 00:00:00,C1061,Laptop,Electronics,West,2,65000.0,0.1,117000.0
O10964,2025-12-02 00:00:00,C1037,Mouse,Accessories,West,1,1200.0,0.2,960.0
O10965,2025-06-11 00:00:00,C1194,Phone,Electronics,West,2,30000.0,0.1,54000.0
O10966,2025-06-09 00:00:00,C1165,Mouse,Accessories,South,5,1200.0,0.0,6000.0
O10967,2025-03-30 00:00:00,C1194,Monitor,Electronics,East,1,18000.0,0.1,16200.0
O10968,2025-11-18 00:00:00,C1060,Laptop,Electronics,East,3,65000.0,0.0,195000.0
O10969,2025-01-12 00:00:00,C1128,Laptop,Electronics,West,2,65000.0,0.15,110500.0
O10970,2025-03-14 00:00:00,C1172,Keyboard,Accessories,West,4,2500.0,0.1,9000.0
O10971,2025-03-17 00:00:00,C1155,Monitor,Electronics,South,4,18000.0,0.15,61200.0
O10972,2025-12-12 00:00:00,C1148,Laptop,Electronics,North,5,65000.0,0.15,276250.0
O10973,2025-07-20 00:00:00,C1121,Monitor,Electronics,North,4,18000.0,0.05,68400.0
O10974,2025-01-10 00:00:00,C1109,Phone,Electronics,East,2,30000.0,0.0,60000.0
O10975,2025-12-18 00:00:00,C1012,Tablet,Electronics,South,2,22000.0,0.2,35200.0
O10976,2025-08-14 00:00:00,C1154,Laptop,Electronics,West,4,65000.0,0.0,260000.0
O10977,2025-06-25 00:00:00,C1099,Keyboard,Accessories,East,2,2500.0,0.2,4000.0
O10978,2025-10-03 00:00:00,C1134,Phone,Electronics,South,5,30000.0,0.0,150000.0
O10979,2025-02-08 00:00:00,C1021,Monitor,Electronics,North,1,18000.0,0.15,15300.0
O10980,2025-03-01 00:00:00,C1073,Mouse,Accessories,South,5,1200.0,0.1,5400.0
O10981,2025-03-07 00:00:00,C1180,Phone,Electronics,North,5,30000.0,0.1,135000.0
O10982,2025-11-17 00:00:00,C1131,Laptop,Electronics,South,2,65000.0,0.05,123500.0
O10983,2025-05-04 00:00:00,C1022,Monitor,Electronics,East,1,18000.0,0.2,14400.0
O10984,2025-06-13 00:00:00,C1118,Tablet,Electronics,North,2,22000.0,0.2,35200.0
O10985,2025-06-08 00:00:00,C1069,Phone,Electronics,East,3,30000.0,0.2,72000.0
O10986,2025-02-26 00:00:00,C1083,Laptop,Electronics,East,2,65000.0,0.15,110500.0
O10987,2025-03-19 00:00:00,C1100,Keyboard,Accessories,North,2,2500.0,0.2,4000.0
O10988,2025-07-13 00:00:00,C1083,Mouse,Accessories,North,2,1200.0,0.1,2160.0
O10989,2025-10-12 00:00:00,C1160,Monitor,Electronics,West,1,18000.0,0.15,15300.0
O10990,2025-01-15 00:00:00,C1027,Phone,Electronics,West,2,30000.0,0.0,60000.0
O10991,2025-01-12 00:00:00,C1135,Phone,Electronics,West,1,30000.0,0.2,24000.0
O10992,2025-04-11 00:00:00,C1000,Tablet,Electronics,East,4,22000.0,0.2,70400.0
O10993,2025-06-05 00:00:00,C1164,Tablet,Electronics,East,3,22000.0,0.0,66000.0
O10994,2025-12-06 00:00:00,C1062,Keyboard,Accessories,West,1,2500.0,0.2,2000.0
O10995,2025-05-05 00:00:00,C1021,Mouse,Accessories,East,4,1200.0,0.0,4800.0
O10996,2025-12-25 00:00:00,C1069,Keyboard,Accessories,East,1,2500.0,0.15,2125.0
O10997,2025-10-07 00:00:00,C1124,Laptop,Electronics,North,1,65000.0,0.1,58500.0
O10998,2025-04-20 00:00:00,C1148,Laptop,Electronics,North,3,65000.0,0.0,195000.0
O10999,2025-11-30 00:00:00,C1095,Keyboard,Accessories,East,5,2500.0,0.05,11875.0
O10000,2025-06-12 00:00:00,C1051,Monitor,Electronics,West,5,18000.0,0.2,72000.0
O10001,2025-03-20 00:00:00,C1101,Keyboard,Accessories,West,4,2500.0,0.0,10000.0
O10002,2025-01-05 00:00:00,C1181,Tablet,Electronics,North,3,22000.0,0.05,62700.0
O10003,2025-11-12 00:00:00,C1187,Keyboard,Accessories,West,1,2500.0,0.15,2125.0
O10004,2025-04-30 00:00:00,C1056,Keyboard,Accessories,North,3,2500.0,0.05,7125.0
O10005,2025-10-29 00:00:00,C1046,Phone,Electronics,East,3,30000.0,0.05,85500.0
O10006,2025-06-27 00:00:00,C1158,Tablet,Electronics,East,5,22000.0,0.0,110000.0
O10007,2025-06-25 00:00:00,C1173,Tablet,Electronics,West,4,22000.0,0.0,88000.0
O10008,2025-08-05 00:00:00,C1025,Tablet,Electronics,West,2,22000.0,0.0,44000.0
O10009,2025-02-25 00:00:00,C1113,Keyboard,Accessories,South,4,2500.0,0.0,10000.0
O10010,2025-07-06 00:00:00,C1004,Monitor,Electronics,West,4,18000.0,0.2,57600.0
O10011,2025-08-20 00:00:00,C1083,Tablet,Electronics,South,3,22000.0,0.0,66000.0
